"nom,""horari"",""tipus"",""municipal"",""latitud"",""longitud"",""localitzacio"",""telefon"",""districte"",""CODI_ENS"",""NOM_ENS"""
"Palau Municipal,""De dilluns a divendres, de 9 a 14 h"",""Organismes oficials i oficines administratives"",""Sí"",""41.1173903861965"",""1.25416887596334"",""PL DE LA FONT 1 BLQ: 0000 CP: 43003"",,""CENTRE"",""4314820002"",""AJUNTAMENT DE TARRAGONA"""
"Espai Jove Kesse,,""Cultura"",""Sí"",""41.1193672925451"",""1.24671952709359"",""PL DE LA IMPERIAL TARRACO 1 CP: 43005"",,""Eixample"",""4314820002"",""AJUNTAMENT DE TARRAGONA"""
"Unitat Tècnica de Salut Pública - Laboratori Municipal,""De dilluns a divendres, de 9 a 14 h"",""Organismes oficials i oficines administratives"",""Sí"",""41.1326130752292"",""1.25327399512918"",""CM DE SANT PERE 2 CP: 43007"",,""Nord"",""4314820002"",""AJUNTAMENT DE TARRAGONA"""
"Ajuntament Rambla Nova,,""Organismes oficials i oficines administratives"",""No"",""41.1157294298875"",""1.25319657900592"",""RB NOVA 59 CP: 43003"",,""Centre"",""4314820002"",""AJUNTAMENT DE TARRAGONA"""
"Centre Cívic de Llevant,,""Social"",""Sí"",""41.1354153075395"",""1.30667399135308"",""CR MAJOR-MOLNARS 1 CP: 43007"",,""LLEVANT"",""4314820002"",""AJUNTAMENT DE TARRAGONA"""
"Antiga Audiència - Cultura,,""Organismes oficials i oficines administratives"",""Sí"",""41.1181869882889"",""1.25492233217083"",""PL DEL PALLOL 3 BLQ: 0000 CP: 43003"",,""Centre"",""4314820002"",""AJUNTAMENT DE TARRAGONA"""
"Casa Castellarnau - Museu d'Història de Tarragona,""De dilluns a divendres, de 9 a 14 h"",""Organismes oficials i oficines administratives"",""Sí"",""41.1177865071997"",""1.25539187906405"",""CR DELS CAVALLERS 14 BLQ: 0000 CP: 43003"",,""Centre"",""4314820002"",""AJUNTAMENT DE TARRAGONA"""
"Torre del Pretori,,""Cultura"",""Sí"",""41.116705518337"",""1.25787486993632"",""PL DEL REI 1 BLQ: 0000 CP: 43003"",,""CENTRE"",""4314820002"",""AJUNTAMENT DE TARRAGONA"""
"Espai Tabacalera,,""Organismes oficials i oficines administratives"",""Sí"",""41.1144381282152"",""1.2395558823157"",""PG DE LA INDEPENDENCIA 3 CP: 43005"",,""Eixample"",""4314820002"",""AJUNTAMENT DE TARRAGONA"""
"Caserna Guàrdia Urbana,""De dilluns a divendres, 24 h al dia"",""Seguretat"",""Sí"",""41.124931271867"",""1.23536351866726"",""CR MARIA AURELIA CAPMANY 4 CP: 43007"",,""Eixample"",""4314820002"",""AJUNTAMENT DE TARRAGONA"""
"Palau Firal i de Congressos,,""Cultura"",""Sí"",""41.113518552461"",""1.25227167865424"",""CR DEL GENERAL MORAGUES 4 PLNT: 00 PRT: 01"",,""CENTRE"",""4314820002"",""AJUNTAMENT DE TARRAGONA"""
"Prevenció de conductes sexuals de risc - Assexora't,,""Sanitari"",""Sí"",""41.1143470288648"",""1.24741823184505"",""CR DEL GASOMETRE 44 ESC: 1 PLNT: 00 PRT: 01 CP: 43001"",,""CENTRE"",""4314820002"",""AJUNTAMENT DE TARRAGONA"""
"Institut Cal·lípolis,,""Ensenyament i educació"",""No"",""41.10084810155128"",""1.2012985505181817"",""DM AUTOVIA SALOU-TARRAGONA S/N CP: 43006"",,""PONENT"",""4314820002"",""AJUNTAMENT DE TARRAGONA"""
"Institut Pere Martell,,""Ensenyament i educació"",""No"",""41.109476616209"",""1.23951606046569"",""CR DE LEPANT 6 A PLNT: 00 PRT: 01 CP: 43004"",,""Centre"",""4314820002"",""AJUNTAMENT DE TARRAGONA"""
"COMPLEX EDUCATIU DE TARRAGONA,,""Esports"",""No"",""41.102036549592"",""1.2029400624353"",""CM CANONGES 2 CP: 43006"",,""Ponent"",""4314820002"",""AJUNTAMENT DE TARRAGONA"""
"Farmàcia Dronda Ayza, Àngels,,""Sanitari"",""No"",""41.1193937240615"",""1.23935608286746"",""AV VIDAL I BARRAQUER 9 PLNT: 00 PRT: 01 CP: 43005"",,""Eixample"",""4314820002"",""AJUNTAMENT DE TARRAGONA"""
"Farmàcia Salazar Mena, Manuel,,""Sanitari"",""No"",""41.120277166536"",""1.25295930470132"",""AV DE CATALUNYA 17 PLNT: 00 PRT: 04 CP: 43002"",,""Eixample"",""4314820002"",""AJUNTAMENT DE TARRAGONA"""
"Farmàcia Felipe Fernández, Immaculada,,""Sanitari"",""No"",""41.137296503271465"",""1.346428585484527"",""AV DEL MEDITERRANI S/N ESC: 5 BLQ: D CP: 43008"",,""LLEVANT"",""4314820002"",""AJUNTAMENT DE TARRAGONA"""
"Farmàcia Canals Garriga, M. Teresa,,""Sanitari"",""No"",""41.1173931447571"",""1.25550473646628"",""PL DELS SEDASSOS 10 PLNT: 00 PRT: 01 CP: 43003"",,""Centre"",""4314820002"",""AJUNTAMENT DE TARRAGONA"""
"Farmàcia Pons Güell, Maria C. / Aranda Pons, N,,""Sanitari"",""No"",""41.1184021436206"",""1.25166393422751"",""AV REINA MARIA CRISTINA 12 PLNT: -1 PRT: 01 CP: 43002"",,""Centre"",""4314820002"",""AJUNTAMENT DE TARRAGONA"""
"CSMIJ Tarragona,,""Sanitari"",""No"",""41.1186807662901"",""1.2521520410508"",""AV REINA MARIA CRISTINA 22 CP: 43002"",,""Centre"",""4314820002"",""AJUNTAMENT DE TARRAGONA"""
"Farmàcia Pedrola Ferrando, Montserrat,,""Sanitari"",""No"",""41.1607796286949"",""1.24067854756967"",""CR DELS PIRINEUS 121 PLNT: 00 CP: 43130"",,""Nord"",""4314820002"",""AJUNTAMENT DE TARRAGONA"""
"Farmàcia Solé Pons, Maria del Mar,,""Sanitari"",""No"",""41.1217937107135"",""1.24463503128759"",""AV D`ANDORRA 11 ESC: A PLNT: 01 PRT: 01 CP: 43002"",,""Eixample"",""4314820002"",""AJUNTAMENT DE TARRAGONA"""
"Farmàcia Vilanova Amat, Laura,,""Sanitari"",""No"",""41.1162618246467"",""1.24520296402508"",""AV DE RAMON Y CAJAL 37 PLNT: -1 CP: 43001"",,""Eixample"",""4314820002"",""AJUNTAMENT DE TARRAGONA"""
"Arxiu de la Universitat Rovira i Virgili,,""Cultura"",""No"",""41.1334736465276"",""1.24912562045861"",""AV DELS PAISOS CATALANS 47 PLNT: BAIX CP: 43007"",,""Nord"",""4314820002"",""AJUNTAMENT DE TARRAGONA"""
"Arxiu Central dels Jutjats de Tarragona,,""Cultura"",""No"",""41.1222500831915"",""1.24355675355068"",""AV D`ANDORRA 10 ESC: B PLNT: 00 PRT: 07 CP: 43002"",,""Eixample"",""4314820002"",""AJUNTAMENT DE TARRAGONA"""
"CAMP DE FUTBOL ICOMAR,,""Esports"",""No"",""41.1163398389582"",""1.22516175208097"",""AC ICOMAR RIU CLAR 2 CP: 43006"",,""Ponent"",""4314820002"",""AJUNTAMENT DE TARRAGONA"""
"Universitat Rovira i Virgili. Biblioteca CRAI Campus Catalunya,,""Cultura"",""No"",""41.1232978396489"",""1.25041823408209"",""AV DE CATALUNYA 35 CP: 43007"",,""EIXAMPLE"",""4314820002"",""AJUNTAMENT DE TARRAGONA"""
"Residencial Tarragona                                                                               ,,""Social"",""No"",""41.1225014552634"",""1.24625130268178"",""AV DE CATALUNYA 54 CP: 43002"",,""Eixample"",""4314820002"",""AJUNTAMENT DE TARRAGONA"""
"Servei d'orientació del Centre d'Atenció a Disminuïts Tarragona,,""Social"",""No"",""41.1214090571045"",""1.2448339686902"",""AV D`ANDORRA 9 PLNT: -1 CP: 43002"",,""EIXAMPLE"",""4314820002"",""AJUNTAMENT DE TARRAGONA"""
"Servei de valoració del Centre d'Atenció a Disminuïts Tarragona,,""Social"",""No"",""41.1214090571045"",""1.2448339686902"",""AV D`ANDORRA 9 PLNT: -1 CP: 43002"",,""EIXAMPLE"",""4314820002"",""AJUNTAMENT DE TARRAGONA"""
"Facultat d'Infermeria (URV),,""Ensenyament i educació"",""No"",""41.1225677183209"",""1.25017700680972"",""AV DE CATALUNYA 33 CP: 43002"",,""Eixample"",""4314820002"",""AJUNTAMENT DE TARRAGONA"""
"Facultat de Lletres (URV),,""Ensenyament i educació"",""No"",""41.1225677183209"",""1.25017700680972"",""AV DE CATALUNYA 33 CP: 43002"",,""Eixample"",""4314820002"",""AJUNTAMENT DE TARRAGONA"""
"Facultat de Ciències Jurídiques (URV),,""Ensenyament i educació"",""No"",""41.1225677183209"",""1.25017700680972"",""AV DE CATALUNYA 33 CP: 43002"",,""Eixample"",""4314820002"",""AJUNTAMENT DE TARRAGONA"""
"Centre Penitenciari Tarragona,,""Tecnologia"",""No"",""41.122442082019"",""1.24151672726334"",""AV DE L`ARGENTINA 2 CP: 43005"",,""Eixample"",""4314820002"",""AJUNTAMENT DE TARRAGONA"""
"Institut Pont del Diable,,""Ensenyament i educació"",""No"",""41.1627229966931"",""1.24118614192937"",""AV DE SANT SALVADOR 18 CP: 43130"",,""Nord"",""4314820002"",""AJUNTAMENT DE TARRAGONA"""
"Escola Tècnica Superior d'Enginyeria Química de Tarragona (URV),,""Ensenyament i educació"",""No"",""41.1325504879587"",""1.24315104446046"",""AV DELS PAISOS CATALANS 26 CP: 43007"",,""Nord"",""4314820002"",""AJUNTAMENT DE TARRAGONA"""
"Escola Tècnica Superior d'Enginyeria de Tarragona (URV),,""Ensenyament i educació"",""No"",""41.1325504879587"",""1.24315104446046"",""AV DELS PAISOS CATALANS 26 CP: 43007"",,""Nord"",""4314820002"",""AJUNTAMENT DE TARRAGONA"""
"Escola Tècnica Superior d'Arquitectura La Salle (URL),,""Ensenyament i educació"",""No"",""41.1332247565973"",""1.2454044914106888"",""AV DELS PAISOS CATALANS CP: 43007"",,""NORD"",""4314820002"",""AJUNTAMENT DE TARRAGONA"""
"Fundació Institut Català d'Investigació Química,,""Recerca"",""No"",""41.1300985762721"",""1.24217242209692"",""AV DELS PAISOS CATALANS 16 CP: 43007"",,""NORD"",""4314820002"",""AJUNTAMENT DE TARRAGONA"""
"Institut Català d'Investigació Química (URV),,""Recerca"",""No"",""41.1300985762721"",""1.24217242209692"",""AV DELS PAISOS CATALANS 16 CP: 43007"",,""NORD"",""4314820002"",""AJUNTAMENT DE TARRAGONA"""
"Residència per a grans disminuïts físics Sant Salvador,,""Social"",""No"",""41.1640604667177"",""1.24724556814299"",""AV DELS PINS 1 CP: 43130"",,""NORD"",""4314820002"",""AJUNTAMENT DE TARRAGONA"""
"Centre d'atenció especialitzada per a grans disminuïts físics Sant Salvador,,""Social"",""No"",""41.1640604667177"",""1.24724556814299"",""AV DELS PINS 1 CP: 43130"",,""NORD"",""4314820002"",""AJUNTAMENT DE TARRAGONA"""
"Centre d'Acolliment Familiar Sant Josep                                                             ,,""Social"",""No"",""41.1175107866819"",""1.25220025210574"",""AV D`ESTANISLAU FIGUERAS 4 CP: 43003"",,""Centre"",""4314820002"",""AJUNTAMENT DE TARRAGONA"""
"Escola Pax,,""Ensenyament i educació"",""No"",""41.1259403953772"",""1.24851025377929"",""AV JOSEP GRAMUNT I SUBIELA 55 CP: 43007"",,""Eixample"",""4314820002"",""AJUNTAMENT DE TARRAGONA"""
"Arxiu Central de l'Audiència Provincial de Tarragona,,""Cultura"",""No"",""41.1200290233012"",""1.24252420889518"",""RB DEL PRESIDENT COMPANYS 8 CP: 43005"",,""Eixample"",""4314820002"",""AJUNTAMENT DE TARRAGONA"""
"Institut Francesc Vidal i Barraquer,,""Ensenyament i educació"",""No"",""41.120357167315"",""1.24410158285326"",""RB DEL PRESIDENT COMPANYS 3 CP: 43005"",,""Eixample"",""4314820002"",""AJUNTAMENT DE TARRAGONA"""
"Biblioteca de l'Audiència Provincial i Jutjats de Tarragona,,""Cultura"",""No"",""41.1203510825724"",""1.24184785371068"",""RB DEL PRESIDENT COMPANYS 12 CP: 43005"",,""EIXAMPLE"",""4314820002"",""AJUNTAMENT DE TARRAGONA"""
"Taller Ocupacional Fundació TOPROMI,,""Social"",""No"",""41.1208333171352"",""1.1890146092762"",""AV CARRASCO I FORMIGUERA 14 CP: 43110"",,,""4314820002"",""AJUNTAMENT DE TARRAGONA"""
"Universitat Rovira i Virgili. Crai Campus Sescelades,,""Cultura"",""No"",""41.1325504879587"",""1.24315104446046"",""AV DELS PAISOS CATALANS 26 CP: 43007"",,""NORD"",""4314820002"",""AJUNTAMENT DE TARRAGONA"""
"Centre de dia Les Alzines                                                                           ,,""Social"",""No"",""41.1183914796028"",""1.25254040093453"",""AV REINA MARIA CRISTINA 17 CP: 43002"",,""Centre"",""4314820002"",""AJUNTAMENT DE TARRAGONA"""
"Residència Les Alzines                                                                              ,,""Social"",""No"",""41.1183914796028"",""1.25254040093453"",""AV REINA MARIA CRISTINA 17 CP: 43002"",,""Centre"",""4314820002"",""AJUNTAMENT DE TARRAGONA"""
"ONA-CDIAP, Tarragona, Tarragonès,,""Social"",""No"",""41.1185058061808"",""1.23999575256638"",""AV DE ROMA 17 PLNT: 01 PRT: 01 CP: 43005"",,""EIXAMPLE"",""4314820002"",""AJUNTAMENT DE TARRAGONA"""
"Llar d'infants Sant Salvador,,""Ensenyament i educació"",""No"",""41.1609208785301"",""1.24172350337114"",""AV DE SANT SALVADOR 13 CP: 43130"",,""Nord"",""4314820002"",""AJUNTAMENT DE TARRAGONA"""
"CAMP DE FUTBOL MUNICIPAL SANT SALVADOR,,""Esports"",""No"",""41.1614911608674"",""1.2429348259104"",""AV DELS PINS 9 CP: 43130"",,""NORD"",""4314820002"",""AJUNTAMENT DE TARRAGONA"""
"Arxiu Històric de la Ciutat de Tarragona,,""Cultura"",""No"",""41.1163564081204"",""1.24104441965498"",""AV VIDAL I BARRAQUER S/N CP: 43005"",,""EIXAMPLE"",""4314820002"",""AJUNTAMENT DE TARRAGONA"""
"Casa d'acollida de malalts de la sida Creu Roja Tarragona                                           ,,""Social"",""No"",""41.1262257784164"",""1.24262619997649"",""CT DE VALLS 37 CP: 43007"",,""Eixample"",""4314820002"",""AJUNTAMENT DE TARRAGONA"""
"Servei de suport a la vida autònoma (SSVA)                                                          ,,""Social"",""No"",""41.1262257784164"",""1.24262619997649"",""CT DE VALLS 37 CP: 43007"",,""Eixample"",""4314820002"",""AJUNTAMENT DE TARRAGONA"""
"Centre d'atenció diürna per a persones sense sostre i població en general en risc d'exclusió        ,,""Social"",""No"",""41.1262257784164"",""1.24262619997649"",""CT DE VALLS 37 CP: 43007"",,""Eixample"",""4314820002"",""AJUNTAMENT DE TARRAGONA"""
"Centre de dia Sanitas Residencial Tarragona                                                         ,,""Social"",""No"",""41.1225014552634"",""1.24625130268178"",""AV DE CATALUNYA 54 CP: 43002"",,""Eixample"",""4314820002"",""AJUNTAMENT DE TARRAGONA"""
"Centre Municipal de Serveis Socials de Sant Salvador                                                ,,""Social"",""No"",""41.1635801783178"",""1.24499704668365"",""AV DELS PALLARESOS 3 PLNT: BAIX CP: 43130"",,""Nord"",""4314820002"",""AJUNTAMENT DE TARRAGONA"""
"Centre Obert Sant Salvador                                                                          ,,""Social"",""No"",""41.1635801783178"",""1.24499704668365"",""AV DELS PALLARESOS 3 PLNT: BAIX CP: 43130"",,""Nord"",""4314820002"",""AJUNTAMENT DE TARRAGONA"""
"Serveis Territorials de Treball, Afers Socials i Famílies a Tarragona,,""Treball"",""No"",""41.1208840260765"",""1.24505987339249"",""AV D`ANDORRA 7 ESC: A PLNT: 01 PRT: 01 CP: 43002"",,""Eixample"",""4314820002"",""AJUNTAMENT DE TARRAGONA"""
"Oficina d'Atenció Ciutadana a Tarragona (Departament de Treball, Afers Socials i Famílies),,""Social"",""No"",""41.1214090571045"",""1.2448339686902"",""AV D`ANDORRA 9 PLNT: BAIXOS CP: 43002"",,""EIXAMPLE"",""4314820002"",""AJUNTAMENT DE TARRAGONA"""
"Seu de l'Oficina d'Accés a la Universitat a Tarragona,,""Ensenyament i educació"",""No"",""41.1225677183209"",""1.25017700680972"",""AV DE CATALUNYA 33 CP: 43002"",,""Eixample"",""4314820002"",""AJUNTAMENT DE TARRAGONA"""
"Regió Sanitària Camp de Tarragona,,""Sanitari"",""No"",""41.1206368731177"",""1.25516101878871"",""AV REINA MARIA CRISTINA 54 CP: 43002"",,""Eixample"",""4314820002"",""AJUNTAMENT DE TARRAGONA"""
"Sub-direcció Regional al Camp de Tarragona i Terres de l'Ebre,,""Organismes oficials i oficines administratives"",""No"",""41.1206368731177"",""1.25516101878871"",""AV REINA MARIA CRISTINA 54 CP: 43002"",,""Eixample"",""4314820002"",""AJUNTAMENT DE TARRAGONA"""
"Centre Penitenciari Obert de Tarragona,,""Justícia"",""No"",""41.122442082019"",""1.24151672726334"",""AV DE L`ARGENTINA 2 CP: 43005"",,""Eixample"",""4314820002"",""AJUNTAMENT DE TARRAGONA"""
"Oficina Municipal d'Escolarització a Tarragona,,""Ensenyament i educació"",""No"",""41.1156367498328"",""1.24200934833288"",""AV DE RAMON Y CAJAL 70 CP: 43005"",,""Eixample"",""4314820002"",""AJUNTAMENT DE TARRAGONA"""
"Museu Nacional Arqueològic de Tarragona,,""Cultura"",""No"",""41.1157155805099"",""1.23883698641084"",""PG DE LA INDEPENDENCIA 17 CP: 43005"",,""Eixample"",""4314820002"",""AJUNTAMENT DE TARRAGONA"""
"Servei Territorial de Trànsit de Tarragona,,""Organismes oficials i oficines administratives"",""No"",""41.11878761765"",""1.24173392514137"",""AV DE ROMA 7-9 PLNT: BAIX CP: 43005"",,""EIXAMPLE"",""4314820002"",""AJUNTAMENT DE TARRAGONA"""
"Fundació Institut Català d'Investigació Química (ICIQ),,""Recerca"",""No"",""41.1300985762721"",""1.24217242209692"",""AV DELS PAISOS CATALANS 16 CP: 43007"",,""Nord"",""4314820002"",""AJUNTAMENT DE TARRAGONA"""
"Serveis Territorials d'Agricultura, Ramaderia, Pesca i Alimentació a Tarragona,,""Agricultura"",""No"",""41.1297265989206"",""1.24333209797903"",""AV DELS PAISOS CATALANS 5 ESC: 1 PLNT: -1 PRT: T1 CP: 43007"",,""Nord"",""4314820002"",""AJUNTAMENT DE TARRAGONA"""
"Llar d'infants El Serrallo,,""Ensenyament i educació"",""No"",""41.111334600538406"",""1.2401125980901417"",""PE XAVIER MONTSALVATGE CP: 43005"",,""EIXAMPLE"",""4314820002"",""AJUNTAMENT DE TARRAGONA"""
"Farmàcia Nolla Solé, Joaquim,,""Sanitari"",""No"",""41.1173931447571"",""1.25550473646628"",""PL DELS SEDASSOS 10 PLNT: 00 PRT: 01 CP: 43003"",,""Centre"",""4314820002"",""AJUNTAMENT DE TARRAGONA"""
"Farmàcia Pujol Fité, Artur,,""Sanitari"",""No"",""41.1173931447571"",""1.25550473646628"",""PL DELS SEDASSOS 10 PLNT: 00 PRT: 01 CP: 43003"",,""Centre"",""4314820002"",""AJUNTAMENT DE TARRAGONA"""
"Farmàcia Llopart Català, G - Sierra Català, J,,""Sanitari"",""No"",""41.1173931447571"",""1.25550473646628"",""PL DELS SEDASSOS 10 PLNT: 00 PRT: 01 CP: 43003"",,""Centre"",""4314820002"",""AJUNTAMENT DE TARRAGONA"""
"PISTA POLIESPORTIVA BLOC MIRAMAR II,,""Esports"",""No"",""41.1372516992247"",""1.249643213523"",""AV DELS PAISOS CATALANS 52 PLNT: BAIX CP: 43007"",,""Nord"",""4314820002"",""AJUNTAMENT DE TARRAGONA"""
"CAMP DE FUTBOL MUNICIPAL ST. PERE I  ST. PAU,,""Esports"",""No"",""41.1412755721505"",""1.25318246594661"",""CR O-SANT PERE I SANT PAU BLQ: Sant Tadeu CP: 43007"",,""NORD"",""4314820002"",""AJUNTAMENT DE TARRAGONA"""
"Farmàcia Oliete Mathioux, Amalia,,""Sanitari"",""No"",""41.1173931447571"",""1.25550473646628"",""PL DELS SEDASSOS 10 PLNT: 00 PRT: 01 CP: 43003"",,""Centre"",""4314820002"",""AJUNTAMENT DE TARRAGONA"""
"Aicec-Adicae Tarragona,,""Comerç"",""No"",""41.113518552461"",""1.25227167865424"",""CR DEL GENERAL MORAGUES 4 PLNT: 00 PRT: 01"",,""Centre"",""4314820002"",""AJUNTAMENT DE TARRAGONA"""
"Facua Tarragona,,""Comerç"",""No"",""41.1137596688893"",""1.25320917095158"",""CR DE PONÇ D`ICART S/N CP: 43004"",,""CENTRE"",""4314820002"",""AJUNTAMENT DE TARRAGONA"""
"Menjador Social de l'Associació Socioeducativa joventut i vida,,""Social"",""No"",""41.1212027716527"",""1.19132971436377"",""CR ONZE-BONAVISTA 41 CP: 43100"",,""PONENT"",""4314820002"",""AJUNTAMENT DE TARRAGONA"""
"Escola Bonavista,,""Ensenyament i educació"",""No"",""41.1233488969186"",""1.19450641529694"",""CM DE LA PARTIO 5 CP: 43100"",,""PONENT"",""4314820002"",""AJUNTAMENT DE TARRAGONA"""
"PISTES POLIESPORTIVES C. ÀLIGA,,""Esports"",""No"",""41.1363474977168"",""1.29171901983695"",""CR DE L`ALIGA 1 PLNT: BAIX CP: 43007"",,""Llevant"",""4314820002"",""AJUNTAMENT DE TARRAGONA"""
"Arxiu del Port de Tarragona,,""Cultura"",""No"",""41.1103803877688"",""1.25084552702905"",""CR D`ANSELM CLAVE 2 CP: 43004"",,""Centre"",""4314820002"",""AJUNTAMENT DE TARRAGONA"""
"LLI privada Xino-Xano Joan XXIII,,""Ensenyament i educació"",""No"",""41.1272709652167"",""1.23564519041753"",""CR JAUME VIDAL ALCOVER 1 ESC: 1 PLNT: -1 PRT: 29 CP: 43006"",,""Eixample"",""4314820002"",""AJUNTAMENT DE TARRAGONA"""
"Institut Pons d'Icart,,""Ensenyament i educació"",""No"",""41.116879419902"",""1.252667600124"",""CR DE L`ASSALT 2 CP: 43003"",,""Centre"",""4314820002"",""AJUNTAMENT DE TARRAGONA"""
"Servei de teràpia ocupacional Solc                                                                  ,,""Social"",""No"",""41.102036549592"",""1.2029400624353"",""CM CANONGES 2 CP: 43006"",,""Ponent"",""4314820002"",""AJUNTAMENT DE TARRAGONA"""
"SAD Cerca,,""Social"",""No"",""41.1202397423609"",""1.2477958406307"",""CR DEL BARO DE LES IV TORRES 22 A PLNT: 00 PRT: 01 CP: 43002"",,""EIXAMPLE"",""4314820002"",""AJUNTAMENT DE TARRAGONA"""
"Centre Obert. Ajuntament de la Canonja,,""Social"",""No"",""41.1218498561816"",""1.18308319556125"",""CL BISBE MIQUEL DOMENECH 1 CP: 43110"",,,""4314820002"",""AJUNTAMENT DE TARRAGONA"""
"Centre de dia per a gent gran Mare de Déu de la Mercè                                               ,,""Social"",""No"",""41.1184995469986"",""1.26262294202465"",""CM DE LA CUIXA 1 B CP: 43007"",,""Llevant"",""4314820002"",""AJUNTAMENT DE TARRAGONA"""
"Residència de Gent Gran Mare de Déu de la Mercè (Tarragona)                                         ,,""Social"",""No"",""41.1184995469986"",""1.26262294202465"",""CM DE LA CUIXA 1 B CP: 43007"",,""Llevant"",""4314820002"",""AJUNTAMENT DE TARRAGONA"""
"Llar amb suport Tarragona,,""Social"",""No"",""41.1137101965278"",""1.24664862524472"",""CR DELS CAPUTXINS 35 PLNT: 04 PRT: 03 CP: 43001"",,""CENTRE"",""4314820002"",""AJUNTAMENT DE TARRAGONA"""
"Ofideute (Tarragona),,""Comerç"",""No"",""41.1174678722843"",""1.24042656429153"",""AV VIDAL I BARRAQUER 12 PLNT: -1 PRT: 01 CP: 43005"",,""Eixample"",""4314820002"",""AJUNTAMENT DE TARRAGONA"""
"Escola l'Arrabassada,,""Ensenyament i educació"",""No"",""41.1154259971786"",""1.27064064516922"",""CR DE CARLES BABOT BOIXEDA 6 PLNT: BAIX CP: 43007"",,""LLEVANT"",""4314820002"",""AJUNTAMENT DE TARRAGONA"""
"Esc. de Música de la Diputació de Tarragona,,""Ensenyament i educació"",""No"",""41.117603481693"",""1.25584458247713"",""CR DELS CAVALLERS 10 CP: 43003"",,""Centre"",""4314820002"",""AJUNTAMENT DE TARRAGONA"""
"Cons. de Música de Tarragona,,""Ensenyament i educació"",""No"",""41.117603481693"",""1.25584458247713"",""CR DELS CAVALLERS 10 CP: 43003"",,""Centre"",""4314820002"",""AJUNTAMENT DE TARRAGONA"""
"Servei d'Intervenció Especialitzada de Tarragona                                                    ,,""Social"",""No"",""41.115146331401"",""1.24773033419224"",""CR DE CRISTOFOR COLOM 28 PLNT: -1 PRT: 01 CP: 43001"",,""Centre"",""4314820002"",""AJUNTAMENT DE TARRAGONA"""
"PISTES POLIESPORTIVES C. CONCA DE BARBERÀ,,""Esports"",""No"",""41.130102734989"",""1.35170864702876"",""CR DE LA CONCA DE BARBERA S/N CP: 43008"",,""LLEVANT"",""4314820002"",""AJUNTAMENT DE TARRAGONA"""
"Consell Comarcal del Tarragonès,,""Organismes oficials i oficines administratives"",""No"",""41.1189697785366"",""1.25867542483447"",""CR DE LES COQUES 3 BLQ: 0000 PLNT: EN PRT: 02 CP: 43003"",,""Centre"",""4314820002"",""AJUNTAMENT DE TARRAGONA"""
"Servei d'informació i atenció a les dones (SIAD) del Tarragonès,,""Social"",""No"",""41.1189697785366"",""1.25867542483447"",""CR DE LES COQUES 3 CP: 43003"",,""CENTRE"",""4314820002"",""AJUNTAMENT DE TARRAGONA"""
"Museu d'Història de Tarragona,,""Cultura"",""No"",""41.1177865071997"",""1.25539187906405"",""CR DELS CAVALLERS 14 BLQ: 0000 CP: 43003"",,""Centre"",""4314820002"",""AJUNTAMENT DE TARRAGONA"""
"Port Esportiu de Tarragona,,""Mobilitat"",""No"",""41.10933578804347"",""1.252053871960901"",""ML DE COSTA CP: 43004"",,""CENTRE"",""4314820002"",""AJUNTAMENT DE TARRAGONA"""
"Llar amb suport Tarragona 2,,""Social"",""No"",""41.1155735910276"",""1.24525834752087"",""CR DE JAUME I 6 PLNT: 04 PRT: 01 CP: 43005"",,""EIXAMPLE"",""4314820002"",""AJUNTAMENT DE TARRAGONA"""
"Universitat Rovira i Virgili,,""Recerca"",""No"",""41.1196626558473"",""1.2604893039319"",""CR DE L`ESCORXADOR 1 CP: 43003"",,""Centre"",""4314820002"",""AJUNTAMENT DE TARRAGONA"""
"Museu Bíblic Tarraconense,,""Cultura"",""No"",""41.1184831978746"",""1.25850307573882"",""CR DE LES COQUES 1 B BLQ: 0000 CP: 43003"",,""Centre"",""4314820002"",""AJUNTAMENT DE TARRAGONA"""
"PISTA POLIESPORTIVA C. DE L'HORTA GRAN,,""Esports"",""No"",""41.1178531528417"",""1.22574986280916"",""AC ICOMAR RIU CLAR 7 CP: 43006"",,""Ponent"",""4314820002"",""AJUNTAMENT DE TARRAGONA"""
"Institut Sant Pere i Sant Pau,,""Ensenyament i educació"",""No"",""41.1395453808479"",""1.24784832718425"",""BL EL SALVADOR ESC: A PLNT: 00 PRT: 01 CP: 43007"",,""Nord"",""4314820002"",""AJUNTAMENT DE TARRAGONA"""
"Facultat de Química (URV),,""Ensenyament i educació"",""No"",""41.1322272531639"",""1.244695996853027"",""AV DELS PAISOS CATALANS 26 CP: 43007"",,""NORD"",""4314820002"",""AJUNTAMENT DE TARRAGONA"""
"Facultat d'Enologia (URV),,""Ensenyament i educació"",""No"",""41.1319686641814"",""1.2448247428857417"",""AV DELS PAISOS CATALANS 26 CP: 43007"",,""NORD"",""4314820002"",""AJUNTAMENT DE TARRAGONA"""
"Fundació Institut Català de Paleoecologia Humana i Evolució Social,,""Recerca"",""No"",""41.1325504879587"",""1.24315104446046"",""AV DELS PAISOS CATALANS 26 CP: 43007"",,""NORD"",""4314820002"",""AJUNTAMENT DE TARRAGONA"""
"MUSEU D'ART MODERN DE TARRAGONA,,""Cultura"",""No"",""41.1172331237452"",""1.25863381048694"",""PL DELS ANGELS 18 BLQ: 0000 CP: 43003"",,""Centre"",""4314820002"",""AJUNTAMENT DE TARRAGONA"""
"Institut Antoni de Martí i Franquès,,""Ensenyament i educació"",""No"",""41.1196710470498"",""1.24111821849471"",""CR D`ENRIC D`OSSO 3 CP: 43005"",,""Eixample"",""4314820002"",""AJUNTAMENT DE TARRAGONA"""
"Distribució d'aliments de l'Associació Socioeducativa Joventut i Vida,,""Social"",""No"",""41.12145744326981"",""1.1916031083486711"",""CR VINT-I-QUATRE 16 CP: 43100"",,""PONENT"",""4314820002"",""AJUNTAMENT DE TARRAGONA"""
"CFA Josepa Massanés i Dalmau,,""Ensenyament i educació"",""No"",""41.1222334855842"",""1.25468689657504"",""CR FRA ANTONI CARDONA I GRAU CP: 43002"",,""LLEVANT"",""4314820002"",""AJUNTAMENT DE TARRAGONA"""
"Centre de formació ocupacional Novatècnica,,""Social"",""No"",""41.1191179921604"",""1.21696268146342"",""CR DE MONTBLANC 48 CP: 43006"",,""PONENT"",""4314820002"",""AJUNTAMENT DE TARRAGONA"""
"CAMP MUNICIPAL DE TORREFORTA,,""Esports"",""No"",""41.1217855379374"",""1.21710639752268"",""CR DEL GAIA-TORREFORTA 15 CP: 43006"",,""PONENT"",""4314820002"",""AJUNTAMENT DE TARRAGONA"""
"Llar Mediterrània - 2                                                                               ,,""Social"",""No"",""41.1216131274375"",""1.21378532281264"",""CR DE GRAN CANARIA 25 PLNT: 00 PRT: 4B CP: 43006"",,""Ponent"",""4314820002"",""AJUNTAMENT DE TARRAGONA"""
"Serveis d'orientació i integració Estela                                                            ,,""Social"",""No"",""41.1359755755778"",""1.22033296161833"",""CR DEL GRANIT 27 CP: 43006"",,""Ponent"",""4314820002"",""AJUNTAMENT DE TARRAGONA"""
"Servei de teràpia ocupacional Estela,,""Social"",""No"",""41.1359755755778"",""1.22033296161833"",""CR DEL GRANIT 27 CP: 43006"",,""PONENT"",""4314820002"",""AJUNTAMENT DE TARRAGONA"""
"Escola Tarragona,,""Ensenyament i educació"",""No"",""41.1268488992201"",""1.23694140265301"",""CR GUILLEM OLIVER 3 CP: 43006"",,""Eixample"",""4314820002"",""AJUNTAMENT DE TARRAGONA"""
"Llar d'infants L'Arrabassada,,""Ensenyament i educació"",""No"",""41.1219315268312"",""1.26566682339705"",""AV WOLFGANG AMADEUS MOZART 13 PLNT: BAIX CP: 43007"",,""Llevant"",""4314820002"",""AJUNTAMENT DE TARRAGONA"""
"Llar d'infants Cèsar August,,""Ensenyament i educació"",""No"",""41.1211907881506"",""1.23768685039969"",""CR DE JOAN BAPTISTA PLANA 9 CP: 43005"",,""Eixample"",""4314820002"",""AJUNTAMENT DE TARRAGONA"""
"Escola Cèsar August,,""Ensenyament i educació"",""No"",""41.1211907881506"",""1.23768685039969"",""CR DE JOAN BAPTISTA PLANA 9 CP: 43005"",,""Eixample"",""4314820002"",""AJUNTAMENT DE TARRAGONA"""
"Servei de Suport a l'autonomia a la pròpia llar El Pont,,""Social"",""No"",""41.1303805662004"",""1.24486420474088"",""CR DE JOAN MOLA I SABATE 6 CP: 43007"",,""NORD"",""4314820002"",""AJUNTAMENT DE TARRAGONA"""
"Llar residència el Pont 1,,""Social"",""No"",""41.1303805662004"",""1.24486420474088"",""CR DE JOAN MOLA I SABATE 6 CP: 43007"",,""NORD"",""4314820002"",""AJUNTAMENT DE TARRAGONA"""
"Parc Científic i Tecnològic del Turisme i l'Oci,,""Recerca"",""No"",""41.1028476503265"",""1.14720315467137"",""CL JOANOT MARTORELL 15 CP: 43480"",,,""4314820002"",""AJUNTAMENT DE TARRAGONA"""
"CAMP DE FUTBOL LA FLORESTA,,""Esports"",""No"",""41.1272502143305"",""1.21184676599406"",""AC A LA FLORESTA 5 PLNT: BAIX CP: 43006"",,""Ponent"",""4314820002"",""AJUNTAMENT DE TARRAGONA"""
"Servei d'assesorament Tècnic a l'Atenció Social (SATAS)                                             ,,""Social"",""No"",""41.1187443761196"",""1.25876857656396"",""CR DE LES COQUES 3 A CP: 43003"",,""Centre"",""4314820002"",""AJUNTAMENT DE TARRAGONA"""
"Servei d'ajuda a domicili del Tarragonès                                                            ,,""Social"",""No"",""41.1187443761196"",""1.25876857656396"",""CR DE LES COQUES 3 A CP: 43003"",,""Centre"",""4314820002"",""AJUNTAMENT DE TARRAGONA"""
"EAIA del Tarragonès                                                                                 ,,""Social"",""No"",""41.1187443761196"",""1.25876857656396"",""CR DE LES COQUES 3 A CP: 43003"",,""Centre"",""4314820002"",""AJUNTAMENT DE TARRAGONA"""
"Centre de Dia Santa Tecla Ponent,,""Social"",""No"",""41.1226339190303"",""1.21285411151103"",""CR DE MENORCA 26 CP: 43006"",,""PONENT"",""4314820002"",""AJUNTAMENT DE TARRAGONA"""
"Residència Santa Tecla Ponent,,""Social"",""No"",""41.1226339190303"",""1.21285411151103"",""CR DE MENORCA 26 CP: 43006"",,""PONENT"",""4314820002"",""AJUNTAMENT DE TARRAGONA"""
"Servei ocupacional d'inserció Onada,,""Social"",""No"",""41.1216131274375"",""1.21378532281264"",""CR DE MENORCA CP: 43006"",,""PONENT"",""4314820002"",""AJUNTAMENT DE TARRAGONA"""
"Servei de teràpia ocupacional Onada,,""Social"",""No"",""41.1164619269313"",""1.19970420763187"",""CR DEL RIU LLOBREGAT CP: 43006"",,""PONENT"",""4314820002"",""AJUNTAMENT DE TARRAGONA"""
"Servei de suport a l'autonomia a la pròpia llar Onada,,""Social"",""No"",""41.1405650559614"",""1.22743045443616"",""CR DEL MERCURI 163 B CP: 43006"",,""PONENT"",""4314820002"",""AJUNTAMENT DE TARRAGONA"""
"Institut Torreforta,,""Ensenyament i educació"",""No"",""41.1229279131995"",""1.21606175501563"",""CR MORA D`EBRE CP: 43006"",,""PONENT"",""4314820002"",""AJUNTAMENT DE TARRAGONA"""
"LLI privada El Niuet,,""Ensenyament i educació"",""No"",""41.1325742452967"",""1.25157517926203"",""CT HABITATGES DEL MIRACLE 9 CP: 43007"",,""Nord"",""4314820002"",""AJUNTAMENT DE TARRAGONA"""
"Gresol-Centre Ocupacional de Paràlisi Cerebral,,""Social"",""No"",""41.1318196399381"",""1.25009495346996"",""PG DE LA MUNTANYA DE L`OLIVA CP: 43003"",,""NORD"",""4314820002"",""AJUNTAMENT DE TARRAGONA"""
"Trèvol, residència de paràlisi cerebral,,""Social"",""No"",""41.1318196399381"",""1.25009495346996"",""PG DE LA MUNTANYA DE L`OLIVA CP: 43003"",,""NORD"",""4314820002"",""AJUNTAMENT DE TARRAGONA"""
"Centre de Serveis Socials de Bonavista,,""Social"",""No"",""41.120579129036"",""1.193847547482"",""CR ONZE-BONAVISTA 13 CP: 43100"",,""PONENT"",""4314820002"",""AJUNTAMENT DE TARRAGONA"""
"Serveis integrats per a la gent gran Fiss,,""Social"",""No"",""41.1173167967146"",""1.24693730983187"",""CR DEL PARE PALAU 10 CP: 43001"",,""EIXAMPLE"",""4314820002"",""AJUNTAMENT DE TARRAGONA"""
"Llar-residència Mediterrània                                                                        ,,""Social"",""No"",""41.1235088969342"",""1.21374210549195"",""CR LA SECUITA 4 PLNT: 00 PRT: 01 CP: 43006"",,""Ponent"",""4314820002"",""AJUNTAMENT DE TARRAGONA"""
"CFA Fòrum,,""Ensenyament i educació"",""No"",""41.1166216944812"",""1.24476065329619"",""CR DE PERE MARTELL 14 PLNT: 01 PRT: 03 CP: 43001"",,""Eixample"",""4314820002"",""AJUNTAMENT DE TARRAGONA"""
"Llar residència el Pont 2                                                                           ,,""Social"",""No"",""41.1301522132837"",""1.24514132118812"",""AV DELS PAISOS CATALANS 13 A PLNT: BAIX CP: 43007"",,""Nord"",""4314820002"",""AJUNTAMENT DE TARRAGONA"""
"ZONA ESPORTIVA C. PIT ROIG,,""Esports"",""No"",""41.1391055652215"",""1.29261537247532"",""CR DEL PIT-ROIG 12 PLNT: BAIX CP: 43007"",,""Llevant"",""4314820002"",""AJUNTAMENT DE TARRAGONA"""
"Junta Arbitral de Consum de Catalunya ,,""Comerç"",""No"",""41.1129597550029"",""1.25248159792327"",""CR DEL GENERAL CONTRERAS 4 PLNT: 00 PRT: 01 CP: 43004"",,""Centre"",""4314820002"",""AJUNTAMENT DE TARRAGONA"""
"Agència Catalana del Consum,,""Comerç"",""No"",""41.1129597550029"",""1.25248159792327"",""CR DEL GENERAL CONTRERAS 4 PLNT: 00 PRT: 01 CP: 43004"",,""Centre"",""4314820002"",""AJUNTAMENT DE TARRAGONA"""
"Servei de suport a l'autonomia a la pròpia llar de l'Associació Ment i Salut La Muralla,,""Social"",""No"",""41.1131916544716"",""1.25308453175638"",""CR DE PONÇ D`ICART 20 CP: 43004"",,""CENTRE"",""4314820002"",""AJUNTAMENT DE TARRAGONA"""
"Atenció, orientació i assessorament als afectats i a les famílies,,""Social"",""No"",""41.1131916544716"",""1.25308453175638"",""CR DE PONÇ D`ICART 20 CP: 43004"",,""CENTRE"",""4314820002"",""AJUNTAMENT DE TARRAGONA"""
"El Pont 3 - Torreforta                                                                              ,,""Social"",""No"",""41.1189182664106"",""1.21703646043625"",""CR PRADES 5 PLNT: 00 PRT: 01 CP: 43006"",,""Ponent"",""4314820002"",""AJUNTAMENT DE TARRAGONA"""
"PIJ CASTELL DE MASRICART (La Canonja),,""Social"",""No"",""41.122619026524056"",""1.179317756117988"",""CL RAVAL 25 CP: 43110"",,,""4314820002"",""AJUNTAMENT DE TARRAGONA"""
"Centre Municipal de Serveis Socials de Camp Clar                                                    ,,""Social"",""No"",""41.1161248116322"",""1.20440624575587"",""CR DEL RIU BRUGENT 14 BLQ: E PLNT: 00 PRT: 01 CP: 43006"",,""Ponent"",""4314820002"",""AJUNTAMENT DE TARRAGONA"""
"ZONA ESPORTIVA C. RIU CIURANA,,""Esports"",""No"",""41.1219007132954"",""1.20829014014712"",""CR DEL RIU SIURANA 51 PLNT: BAIX CP: 43006"",,""Ponent"",""4314820002"",""AJUNTAMENT DE TARRAGONA"""
"Punt Òmnia Riu Clar,,""Tecnologia"",""No"",""41.1301015061405"",""1.22518442603669"",""CM XII-PP38 6 CP: 43006"",,""Ponent"",""4314820002"",""AJUNTAMENT DE TARRAGONA"""
"SAD Onada,,""Social"",""No"",""41.1165544438081"",""1.20535275184508"",""CR DEL RIU LLOBREGAT 10 CP: 43006"",,""PONENT"",""4314820002"",""AJUNTAMENT DE TARRAGONA"""
"Casal l'Amic de Camp Clar,,""Social"",""No"",""41.124126065179"",""1.22137343259205"",""CR DEL RIU LLOBREGAT ESC: 10 BLQ: 4 PLNT: 1 PRT: 2 CP: 43006"",,""PONENT"",""4314820002"",""AJUNTAMENT DE TARRAGONA"""
"CAMP DE FUTBOL ANTONIO ORTEGA PAREJO,,""Esports"",""No"",""41.117583924892"",""1.20156916430998"",""CR DEL RIU LLOBREGAT 16 CP: 43006"",,""PONENT"",""4314820002"",""AJUNTAMENT DE TARRAGONA"""
"ÀREA D'ACTIVITAT FÍSICA C. RIU LLOBREGAT,,""Esports"",""No"",""41.117583924892"",""1.20156916430998"",""CR DEL RIU LLOBREGAT 16 CP: 43006"",,""PONENT"",""4314820002"",""AJUNTAMENT DE TARRAGONA"""
"Llar d'infants La Taronja,,""Ensenyament i educació"",""No"",""41.1164952508339"",""1.20429966732713"",""CR DEL RIU BRUGENT 4 G PLNT: 00 PRT: 00 CP: 43006"",,""Ponent"",""4314820002"",""AJUNTAMENT DE TARRAGONA"""
"Associació Tarraco de Protecció Als Consumidors i Usuaris de La Província de Tarragona- Atpcupt,,""Comerç"",""No"",""41.1167320306391"",""1.20979111769315"",""RB DE PONENT 4 ESC: 1 BLQ: 4 PLNT: 00 PRT: 01 CP: 43006"",,""Ponent"",""4314820002"",""AJUNTAMENT DE TARRAGONA"""
"ZONA ESPORTIVA C. RIU ONYAR,,""Esports"",""No"",""41.1157660072934"",""1.20763785404893"",""CR DEL RIU ONYAR 2 PLNT: BAIX CP: 43006"",,""Ponent"",""4314820002"",""AJUNTAMENT DE TARRAGONA"""
"Llar d'infants El Ninot,,""Ensenyament i educació"",""No"",""41.1157660072934"",""1.20763785404893"",""CR DEL RIU ONYAR 2 PLNT: BAIX CP: 43006"",,""Ponent"",""4314820002"",""AJUNTAMENT DE TARRAGONA"""
"CAMP DE FUTBOL MUNICIPAL LA GRANJA,,""Esports"",""No"",""41.1226009696984"",""1.21208311710159"",""RB DE PONENT 17 CP: 43006"",,""Ponent"",""4314820002"",""AJUNTAMENT DE TARRAGONA"""
"VELÒDROM DE CAMPCLAR,,""Esports"",""No"",""41.121865967457"",""1.20745774121584"",""CR DEL RIU SIURANA 32 CP: 43006"",,""Ponent"",""4314820002"",""AJUNTAMENT DE TARRAGONA"""
"Institut Escola Mediterrani,,""Ensenyament i educació"",""No"",""41.1161703450135"",""1.20270451003086"",""CR DEL RIU TER 5 PLNT: BAIX CP: 43006"",,""Ponent"",""4314820002"",""AJUNTAMENT DE TARRAGONA"""
"Centre Obert de Campclar,,""Social"",""No"",""41.1161674041933"",""1.20409326163398"",""CR DEL RIU BRUGENT 2 ESC: 3 CP: 43006"",,""PONENT"",""4314820002"",""AJUNTAMENT DE TARRAGONA"""
"ZONA ESPORTIVA C. ROCA BRUNA,,""Esports"",""No"",""41.13918176714297"",""1.3128324298944172"",""CR ROCA BRUNA CP: 43007"",,""LLEVANT"",""4314820002"",""AJUNTAMENT DE TARRAGONA"""
"LLI privada Yo-Ni,,""Ensenyament i educació"",""No"",""41.1240152846155"",""1.25241208119373"",""CR DE ROVIRA I VIRGILI 54 CP: 43002"",,""Eixample"",""4314820002"",""AJUNTAMENT DE TARRAGONA"""
"Oficina d'informació de l'Institut Català de les Dones a Tarragona,,""Social"",""No"",""41.1167027871819"",""1.25317290009198"",""CR DE SANT FRANCESC 3 CP: 43003"",,""Centre"",""4314820002"",""AJUNTAMENT DE TARRAGONA"""
"Club Social La Muralla,,""Social"",""No"",""41.1120650536362"",""1.24859695494602"",""CR DE SANT MIQUEL 16 PLNT: BAIXOS CP: 43004"",,""CENTRE"",""4314820002"",""AJUNTAMENT DE TARRAGONA"""
"Servei d'Atenció Domiciliària l'Onada Tarragona                                                     ,,""Social"",""No"",""41.1135863669703"",""1.24539574622198"",""CR DE SEVILLA 15 ESC: 1 PLNT: 01 PRT: 01 CP: 43001"",,""Centre"",""4314820002"",""AJUNTAMENT DE TARRAGONA"""
"Centre de dia l'Onada (especialitzat en el tractament de demències)                                 ,,""Social"",""No"",""41.1135863669703"",""1.24539574622198"",""CR DE SEVILLA 15 ESC: 1 PLNT: 01 PRT: 01 CP: 43001"",,""Centre"",""4314820002"",""AJUNTAMENT DE TARRAGONA"""
"EOI de Tarragona,,""Ensenyament i educació"",""No"",""41.1123523957216"",""1.2456069178361"",""CR DE SMITH 57 CP: 43004"",,""Centre"",""4314820002"",""AJUNTAMENT DE TARRAGONA"""
"Servei tècnic de Punt de Trobada de Tarragona                                                       ,,""Social"",""No"",""41.1138294878878"",""1.24883039621222"",""CR DEL GASOMETRE 24 PLNT: 00 PRT: 01 CP: 43001"",,""Centre"",""4314820002"",""AJUNTAMENT DE TARRAGONA"""
"PISTES POLIESPORTIVES C. UN,,""Esports"",""No"",""41.1153741758781"",""1.19187892079153"",""CR U-BONAVISTA S/N CP: 43100"",,""PONENT"",""4314820002"",""AJUNTAMENT DE TARRAGONA"""
"Vital Tarragona                                                                                     ,,""Social"",""No"",""41.1134714558764"",""1.25125734129891"",""CR DE LA UNIO 52 PLNT: 00 PRT: 01 CP: 43001"",,""Centre"",""4314820002"",""AJUNTAMENT DE TARRAGONA"""
"CAMP DE FUTBOL DE BONAVISTA,,""Esports"",""No"",""41.1153741758781"",""1.19187892079153"",""CR U-BONAVISTA CP: 43100"",,""PONENT"",""4314820002"",""AJUNTAMENT DE TARRAGONA"""
"MAD Asistencia                                                                                      ,,""Social"",""No"",""41.1161688147819"",""1.25972046678866"",""CR VIA AUGUSTA 14 PLNT: 00 PRT: 01 CP: 43003"",,""Llevant"",""4314820002"",""AJUNTAMENT DE TARRAGONA"""
"Centre Obert Bonavista,,""Social"",""No"",""41.120762609828276"",""1.193340031994583"",""CR VINT-I-DOS-BONAVISTA S/N CP: 43100"",,""PONENT"",""4314820002"",""AJUNTAMENT DE TARRAGONA"""
"Llar d'infants Bonavista,,""Ensenyament i educació"",""No"",""41.1163364732466"",""1.19242612069753"",""CR VINT-I-U-BONAVISTA S/N CP: 43100"",,""PONENT"",""4314820002"",""AJUNTAMENT DE TARRAGONA"""
"Escola Serrallo,,""Ensenyament i educació"",""No"",""41.111661361003"",""1.23941358954282"",""PE XAVIER MONTSALVATGE 7 ESC: A PLNT: 00 PRT: 04 CP: 43004"",,""Centre"",""4314820002"",""AJUNTAMENT DE TARRAGONA"""
"Centre de Serveis Socials de Torreforta,,""Social"",""No"",""41.11865146029527"",""1.216363326126717"",""CR D`AMPOSTA CP: 43006"",,""PONENT"",""4314820002"",""AJUNTAMENT DE TARRAGONA"""
"Servei de Migració. Comissió Diocesana de Migració de Tarragona                                     ,,""Social"",""No"",""41.1140718959444"",""1.25345446007482"",""CR D`ADRIA 5 CP: 43004"",,""Centre"",""4314820002"",""AJUNTAMENT DE TARRAGONA"""
"SAD - Tarragona Stels                                                                               ,,""Social"",""No"",""41.1116478793153"",""1.247705992169"",""CR DE CASTELLARNAU 8 ESC: 1 PLNT: 00 PRT: A CP: 43004"",,""Centre"",""4314820002"",""AJUNTAMENT DE TARRAGONA"""
"Centre de dia Santa Tecla Llevant                                                                   ,,""Social"",""No"",""41.1220903337574"",""1.26709181346947"",""CR JOAN FUSTER I ORTELLS 32 CP: 43007"",,""Llevant"",""4314820002"",""AJUNTAMENT DE TARRAGONA"""
"Residència Santa Tecla Llevant                                                                      ,,""Social"",""No"",""41.1220903337574"",""1.26709181346947"",""CR JOAN FUSTER I ORTELLS 32 CP: 43007"",,""Llevant"",""4314820002"",""AJUNTAMENT DE TARRAGONA"""
"SAD Santa Tecla,,""Social"",""No"",""41.1156599367023"",""1.25556590259612"",""CR DE JOAN MARAGALL 1 CP: 43003"",,""CENTRE"",""4314820002"",""AJUNTAMENT DE TARRAGONA"""
"Centre obert Sant Pere i Sant Pau                                                                   ,,""Social"",""No"",""41.1395453808479"",""1.24784832718425"",""BL EL SALVADOR ESC: A PLNT: 00 PRT: 01 CP: 43007"",,""Nord"",""4314820002"",""AJUNTAMENT DE TARRAGONA"""
"U.B.A.S.P. Consell Comarcal del Tarragonès                                                          ,,""Social"",""No"",""41.1189697785366"",""1.25867542483447"",""CR DE LES COQUES 3 BLQ: 0000 PLNT: EN PRT: 02 CP: 43003"",,""Centre"",""4314820002"",""AJUNTAMENT DE TARRAGONA"""
"Servei de Transport de Disminuïts - Consell Comarcal del Tarragonès                                 ,,""Social"",""No"",""41.1189697785366"",""1.25867542483447"",""CR DE LES COQUES 3 BLQ: 0000 PLNT: EN PRT: 02 CP: 43003"",,""Centre"",""4314820002"",""AJUNTAMENT DE TARRAGONA"""
"Llar Residència de Tarragona                                                                        ,,""Social"",""No"",""41.1125797386197"",""1.24998377421324"",""CR DE SANT MAGI 10 PLNT: -2 PRT: 01 CP: 43004"",,""Centre"",""4314820002"",""AJUNTAMENT DE TARRAGONA"""
"Menjador Social Centre de Dia l'Onada Tarragona                                                     ,,""Social"",""No"",""41.1134118082396"",""1.2457748552017"",""CR DE SEVILLA 22 PLNT: 00 PRT: 01 CP: 43001"",,""Centre"",""4314820002"",""AJUNTAMENT DE TARRAGONA"""
"Centre Municipal de Serveis Socials del Serrallo                                                    ,,""Social"",""No"",""41.1097901030689"",""1.24141118748972"",""CR DE TRAFALGAR 25 ESC: 1 PLNT: 00 PRT: 01 CP: 43004"",,""Centre"",""4314820002"",""AJUNTAMENT DE TARRAGONA"""
"Taula amiga                                                                                         ,,""Social"",""No"",""41.1139116680607"",""1.25076566437851"",""CR DEL CARDENAL CERVANTES 4 PLNT: 00 PRT: 01 CP: 43001"",,""Centre"",""4314820002"",""AJUNTAMENT DE TARRAGONA"""
"Serveis d'atenció a domicili FISS                                                                   ,,""Social"",""No"",""41.1173167967146"",""1.24693730983187"",""CR DEL PARE PALAU 10 PLNT: -2 PRT: 01 CP: 43001"",,""Eixample"",""4314820002"",""AJUNTAMENT DE TARRAGONA"""
"Servei de Tutela Fiss                                                                               ,,""Social"",""No"",""41.1173167967146"",""1.24693730983187"",""CR DEL PARE PALAU 10 PLNT: -2 PRT: 01 CP: 43001"",,""Eixample"",""4314820002"",""AJUNTAMENT DE TARRAGONA"""
"Llar Natalis                                                                                        ,,""Social"",""No"",""41.1199539462755"",""1.26013045997975"",""CR DEL PORTAL DEL CARRO 13 BLQ: 0000 CP: 43003"",,""Centre"",""4314820002"",""AJUNTAMENT DE TARRAGONA"""
"Punt TIC Òmnia Casal Cívic Tarragona - Campclar - AV Campclar,,""Tecnologia"",""No"",""41.1164952508339"",""1.20429966732713"",""CR DEL RIU BRUGENT 4 G PLNT: 00 PRT: 00 CP: 43006"",,""Ponent"",""4314820002"",""AJUNTAMENT DE TARRAGONA"""
"Arxiu Històric Arxidiocesà de l'Arquebisbat de Tarragona,,""Cultura"",""No"",""41.1217805067018"",""1.25925443809582"",""CM DE L`ERMITA DE LA SALUT 16 CP: 43007"",,""Llevant"",""4314820002"",""AJUNTAMENT DE TARRAGONA"""
"Arxiu del Consell Comarcal del Tarragonès,,""Cultura"",""No"",""41.117143105994"",""1.25761876040334"",""CR D`EN VILA-ROMA 4 PLNT: 00 PRT: 01 CP: 43003"",,""Centre"",""4314820002"",""AJUNTAMENT DE TARRAGONA"""
"Arxiu Històric del Col.legi d'Arquitectes de Catalunya. Demarcació Tarragona,,""Cultura"",""No"",""41.1173426855835"",""1.25847487922624"",""CR D`EN VENTALLOLS 3 CP: 43003"",,""Centre"",""4314820002"",""AJUNTAMENT DE TARRAGONA"""
"Deixalleria de Tarragona,""De dilluns a dissabte de 8 a 20 h de dilluns a dissabte (excepte festius)"",""Medi Ambient"",""No"",""41.139199749857"",""1.22247049874657"",""CR DEL COURE 14 CP: 43006"",,""Ponent"",""4314820002"",""AJUNTAMENT DE TARRAGONA"""
"Biblioteca de l'Hospital Universitari de Tarragona Joan XXIII,,""Cultura"",""No"",""41.1239948972696"",""1.2387691656789"",""CR DOCTOR MALLAFRE GUASCH 4 CP: 43007"",,""EIXAMPLE"",""4314820002"",""AJUNTAMENT DE TARRAGONA"""
"Biblioteca de l'Il·lustre Col·legi d'Advocats de Tarragona,,""Cultura"",""No"",""41.1195812393888"",""1.24341486226213"",""CR D`ENRIC D`OSSO 1 CP: 43005"",,""EIXAMPLE"",""4314820002"",""AJUNTAMENT DE TARRAGONA"""
"Biblioteca Col·legi Oficial de Farmacèutics de Tarragona,,""Cultura"",""No"",""41.1195812393888"",""1.24341486226213"",""CR D`ENRIC D`OSSO 1 CP: 43005"",,""EIXAMPLE"",""4314820002"",""AJUNTAMENT DE TARRAGONA"""
"Biblioteca Pública de Tarragona,,""Cultura"",""No"",""41.1140874968846"",""1.25029708495187"",""CR DE FORTUNY 26 PLNT: 00 PRT: 01 CP: 43001"",,""Centre"",""4314820002"",""AJUNTAMENT DE TARRAGONA"""
"Arxiu Central Administratiu de la Delegació Territorial del Govern de la Generalitat a Tarragona,,""Cultura"",""No"",""41.134657735535"",""1.21921675224481"",""CR DEL GRANIT 16 ESC: 1 PLNT: 00 PRT: 02 CP: 43006"",,""Ponent"",""4314820002"",""AJUNTAMENT DE TARRAGONA"""
"Hemeroteca Fundació Catalunya - La Pedrera,,""Cultura"",""No"",""41.1213594985129"",""1.24884642620648"",""CR SALVADOR RITORT I FAUS 21 PLNT: 00 PRT: 02 CP: 43002"",,""Eixample"",""4314820002"",""AJUNTAMENT DE TARRAGONA"""
"Biblioteca del Col·legi d'Arquitectes de Catalunya. Demarcació de Tarragona,,""Cultura"",""No"",""41.1190279075621"",""1.25923181086231"",""CR DE SANT LLORENÇ 22 BLQ: 0000 CP: 43003"",,""Centre"",""4314820002"",""AJUNTAMENT DE TARRAGONA"""
"Arxiu Històric de l'Hospital de Sant Pau i Santa Tecla,,""Cultura"",""No"",""41.1202090755272"",""1.25789734452423"",""CR DE SANT PAU 2 CP: 43003"",,""CENTRE"",""4314820002"",""AJUNTAMENT DE TARRAGONA"""
"Arxiu Capitular de la Catedral de Tarragona,,""Cultura"",""No"",""41.1202090755272"",""1.25789734452423"",""CR DE SANT PAU 2 CP: 43003"",,""CENTRE"",""4314820002"",""AJUNTAMENT DE TARRAGONA"""
"Biblioteca del Seminari Conciliar Pontifici de Tarragona,,""Cultura"",""No"",""41.1201080467735"",""1.25870416032853"",""CR DE SANT PAU 4 CP: 43003"",,""CENTRE"",""4314820002"",""AJUNTAMENT DE TARRAGONA"""
"Biblioteca Auxiliar del Museu d'Art Modern,,""Cultura"",""No"",""41.11732854081687"",""1.2585392522425876"",""CR DE SANTA ANNA 8 CP: 43003"",,""CENTRE"",""4314820002"",""AJUNTAMENT DE TARRAGONA"""
"Estació d'ITV (T-06) Tarragonès,,""Organismes oficials i oficines administratives"",""No"",""41.1245101135663"",""1.27490613247266"",""CM DE LA BUDELLERA S/N CP: 43007"",,""LLEVANT"",""4314820002"",""AJUNTAMENT DE TARRAGONA"""
"Punt d'Autoservei al Centre d'Innovació i Formació Ocupacional (CIFO) Tarragona,,""Treball"",""No"",""41.1258812563838"",""1.28032372336544"",""CM NOU DE LA BUDELLERA 12 CP: 43007"",,""LLEVANT"",""4314820002"",""AJUNTAMENT DE TARRAGONA"""
"Centre d'Innovació i Formació Ocupacional (CIFO) de Tarragona,,""Treball"",""No"",""41.1258812563838"",""1.28032372336544"",""CM NOU DE LA BUDELLERA 12 CP: 43007"",,""LLEVANT"",""4314820002"",""AJUNTAMENT DE TARRAGONA"""
"Casal de Gent Gran Mare de Déu de la Mercè (Tarragona),,""Social"",""No"",""41.1184995469986"",""1.26262294202465"",""CM DE LA CUIXA 1 C CP: 43007"",,""LLEVANT"",""4314820002"",""AJUNTAMENT DE TARRAGONA"""
"Institut Català de Paleoecologia Humana i Evolució Social (IPHES) (URV),,""Recerca"",""No"",""41.132574442968"",""1.24135596493857"",""AC ACCES EDUCACIONAL 4 BLQ: W3 CP: 43007"",,""NORD"",""4314820002"",""AJUNTAMENT DE TARRAGONA"""
"Heliport de l'Hospital Universitari Joan XXIII,,""Mobilitat"",""No"",""41.1252947286656"",""1.23780605609652"",""CR DOCTOR MALLAFRE GUASCH 4 A CP: 43007"",,""Eixample"",""4314820002"",""AJUNTAMENT DE TARRAGONA"""
"Servei Territorial d'Urbanisme de Tarragona,,""Organismes oficials i oficines administratives"",""No"",""41.1105466003747"",""1.25101320801065"",""CR D`ANSELM CLAVE 1 CP: 43004"",,""Centre"",""4314820002"",""AJUNTAMENT DE TARRAGONA"""
"Serveis Territorials de Territori i Sostenibilitat a Tarragona,,""Organismes oficials i oficines administratives"",""No"",""41.1105466003747"",""1.25101320801065"",""CR D`ANSELM CLAVE 1 CP: 43004"",,""Centre"",""4314820002"",""AJUNTAMENT DE TARRAGONA"""
"Servei Territorial de Transports de Tarragona,,""Organismes oficials i oficines administratives"",""No"",""41.1105466003747"",""1.25101320801065"",""CR D`ANSELM CLAVE 1 CP: 43004"",,""Centre"",""4314820002"",""AJUNTAMENT DE TARRAGONA"""
"Oficina de Turisme de Catalunya a Tarragona,,""Turisme i Oci"",""No"",""41.1155612980076"",""1.25150663299944"",""CR DE FORTUNY 4 CP: 43001"",,""Centre"",""4314820002"",""AJUNTAMENT DE TARRAGONA"""
"Casa del Mar de Tarragona,,""Social"",""No"",""41.1141098137025"",""1.24163301243835"",""CR DE FRANCESC BASTOS 17 CP: 43005"",,""Eixample"",""4314820002"",""AJUNTAMENT DE TARRAGONA"""
"Gestió i Prestació de Serveis de Salut (GPSS),,""Sanitari"",""No"",""41.1246216561218"",""1.239502693561061"",""CR JOAN PAU II 2 PLNT: 1 CP: 43007"",,""EIXAMPLE"",""4314820002"",""AJUNTAMENT DE TARRAGONA"""
"Borsa Habitatge Consell Comarcal Tarragonès,,""Habitatge"",""No"",""41.1189697785366"",""1.25867542483447"",""CR DE LES COQUES 3 BLQ: 0000 PLNT: EN PRT: 02 CP: 43003"",,""Centre"",""4314820002"",""AJUNTAMENT DE TARRAGONA"""
"ACCIÓ a Tarragona,,""Comerç"",""No"",""41.1129597550029"",""1.25248159792327"",""CR POMPEU FABRA 1 CP: 43004"",,""CENTRE"",""4314820002"",""AJUNTAMENT DE TARRAGONA"""
"Oficina de Gestió Empresarial de Tarragona,,""Organismes oficials i oficines administratives"",""No"",""41.1129597550029"",""1.25248159792327"",""CR POMPEU FABRA 1 CP: 43004"",,""CENTRE"",""4314820002"",""AJUNTAMENT DE TARRAGONA"""
"Serveis Territorials del Departament de Justícia a Tarragona ,,""Justícia"",""No"",""41.1204219591974"",""1.24859525563124"",""CR SANTA JOAQUIMA DE VEDRUNA 13 CP: 43002"",,""Eixample"",""4314820002"",""AJUNTAMENT DE TARRAGONA"""
"Punt d'Autoservei a l'Oficina de Treball de la Generalitat de Tarragona-Claret,,""Treball"",""No"",""41.1204219591974"",""1.24859525563124"",""CR SANTA JOAQUIMA DE VEDRUNA 13 CP: 43002"",,""Eixample"",""4314820002"",""AJUNTAMENT DE TARRAGONA"""
"Oficina de Treball de Tarragona - Centre,,""Treball"",""No"",""41.1204219591974"",""1.24859525563124"",""CR SANTA JOAQUIMA DE VEDRUNA 13 CP: 43002"",,""Eixample"",""4314820002"",""AJUNTAMENT DE TARRAGONA"""
"Delegació Territorial del Govern de la Generalitat a Tarragona,,""Organismes oficials i oficines administratives"",""No"",""41.1167027871819"",""1.25317290009198"",""CR DE SANT FRANCESC 3 CP: 43003"",,""Centre"",""4314820002"",""AJUNTAMENT DE TARRAGONA"""
"Serveis Territorials del Departament de la Presidència a Tarragona,,""Organismes oficials i oficines administratives"",""No"",""41.1167027871819"",""1.25317290009198"",""CR DE SANT FRANCESC 3 CP: 43003"",,""Centre"",""4314820002"",""AJUNTAMENT DE TARRAGONA"""
"Serveis Territorials d'Interior a Tarragona,,""Organismes oficials i oficines administratives"",""No"",""41.1167027871819"",""1.25317290009198"",""CR DE SANT FRANCESC 3 CP: 43003"",,""Centre"",""4314820002"",""AJUNTAMENT DE TARRAGONA"""
"Coordinació Territorial de Joventut a Tarragona,,""Organismes oficials i oficines administratives"",""No"",""41.1167027871819"",""1.25317290009198"",""CR DE SANT FRANCESC 3 CP: 43003"",,""Centre"",""4314820002"",""AJUNTAMENT DE TARRAGONA"""
"Oficina d'Atenció Ciutadana a Tarragona,,""Organismes oficials i oficines administratives"",""No"",""41.1167027871819"",""1.25317290009198"",""CR DE SANT FRANCESC 3 CP: 43003"",,""Centre"",""4314820002"",""AJUNTAMENT DE TARRAGONA"""
"Serveis Territorials d'Educació a Tarragona,,""Organismes oficials i oficines administratives"",""No"",""41.1164787658976"",""1.25298255347711"",""CR DE SANT FRANCESC 5 CP: 43003"",,""Centre"",""4314820002"",""AJUNTAMENT DE TARRAGONA"""
"Servei Territorial de l'Agència de l'Habitatge de Catalunya a Tarragona,,""Habitatge"",""No"",""41.1174678722843"",""1.24042656429153"",""AV VIDAL I BARRAQUER 12 PLNT: -1 PRT: 01 CP: 43005"",,""Eixample"",""4314820002"",""AJUNTAMENT DE TARRAGONA"""
"Inspecció Territorial de Treball de Tarragona,,""Treball"",""No"",""41.1168171043945"",""1.2405226857628"",""AV VIDAL I BARRAQUER 20 PLNT: 05 PRT: 03 CP: 43005"",,""Eixample"",""4314820002"",""AJUNTAMENT DE TARRAGONA"""
"Equip d'Assessorament Tècnic Menors de Tarragona,,""Justícia"",""No"",""41.1204595065766"",""1.23971053584756"",""AV VIDAL I BARRAQUER 5 ESC: A PLNT: 00 PRT: 01 CP: 43005"",,""Eixample"",""4314820002"",""AJUNTAMENT DE TARRAGONA"""
"Gerència Territorial Camp de Tarragona,,""Organismes oficials i oficines administratives"",""No"",""41.1239948972696"",""1.2387691656789"",""CR DOCTOR MALLAFRE GUASCH 4 CP: 43007"",,""Eixample"",""4314820002"",""AJUNTAMENT DE TARRAGONA"""
"Unitat de Malalties de Transmissió Sexual de Tarragona,,""Sanitari"",""No"",""41.1239948972696"",""1.2387691656789"",""CR DOCTOR MALLAFRE GUASCH 4 CP: 43007"",,""Eixample"",""4314820002"",""AJUNTAMENT DE TARRAGONA"""
"Oficina d'Atenció Ciutadana a Tarragona (Àrea Bàsica Policial Tarragonès),,""Seguretat"",""No"",""41.1236976881998"",""1.23979143165041"",""CR DOCTOR MALLAFRE GUASCH 7 ESC: A PLNT: 01 PRT: 01 CP: 43005"",,""Eixample"",""4314820002"",""AJUNTAMENT DE TARRAGONA"""
"Oficina de Treball de Tarragona - Campclar,,""Treball"",""No"",""41.1186031102361"",""1.20824075308251"",""CR DEL RIU SIURANA 29 B CP: 43006"",,""PONENT"",""4314820002"",""AJUNTAMENT DE TARRAGONA"""
"Punt d'Autoservei a l'Oficina de Treball de la Generalitat de Tarragona-Camp Clar,,""Treball"",""No"",""41.1186031102361"",""1.20824075308251"",""CR DEL RIU SIURANA 29 B CP: 43006"",,""PONENT"",""4314820002"",""AJUNTAMENT DE TARRAGONA"""
"Delegació Territorial de l'Agència Tributària de Catalunya a Tarragona,,""Economia"",""No"",""41.1123523957216"",""1.2456069178361"",""CR DE SMITH 57 CP: 43004"",,""Centre"",""4314820002"",""AJUNTAMENT DE TARRAGONA"""
"Borsa Habitatge Tarragona,,""Habitatge"",""No"",""41.1186391415304"",""1.26007265684348"",""CR DELS DESCALÇOS 11 CP: 43003"",,""CENTRE"",""4314820002"",""AJUNTAMENT DE TARRAGONA"""
"Registre de la Propietat Intel·lectual, Oficina de Tarragona,,""Cultura"",""No"",""41.1175796286449"",""1.2566492067386"",""CR MAJOR 12 BLQ: 0000 CP: 43003"",,""Centre"",""4314820002"",""AJUNTAMENT DE TARRAGONA"""
"Representació Territorial de l'Esport a Tarragona,,""Esports"",""No"",""41.1175796286449"",""1.2566492067386"",""CR MAJOR 12 BLQ: 0000 CP: 43003"",,""Centre"",""4314820002"",""AJUNTAMENT DE TARRAGONA"""
"Serveis Territorials a Tarragona del Departament de Cultura,,""Organismes oficials i oficines administratives"",""No"",""41.1175796286449"",""1.2566492067386"",""CR MAJOR 12 BLQ: 0000 CP: 43003"",,""Centre"",""4314820002"",""AJUNTAMENT DE TARRAGONA"""
"Farmàcia Luengo Freixas, Anna,,""Sanitari"",""No"",""41.1191017302954"",""1.26165141353362"",""PG DE TORROJA 90 PLNT: 00 CP: 43007"",,""Llevant"",""4314820002"",""AJUNTAMENT DE TARRAGONA"""
"Farmàcia Nuño Escribano, Pilar,,""Sanitari"",""No"",""41.1161772923791"",""1.1904791575125"",""CR U-BONAVISTA 41 PLNT: 00 PRT: 01 CP: 43100"",,""PONENT"",""4314820002"",""AJUNTAMENT DE TARRAGONA"""
"CAP Sant Pere i Sant Pau,,""Sanitari"",""No"",""41.1392132110711"",""1.25600052859567"",""CL G-S.PERE S.PAU 1 CP: 43007"",,""Nord"",""4314820002"",""AJUNTAMENT DE TARRAGONA"""
"CAP Sant Salvador,,""Sanitari"",""No"",""41.1576945488789"",""1.24173327027292"",""CR DE L`ALZINA DEL MAS 2 CP: 43130"",,""Nord"",""4314820002"",""AJUNTAMENT DE TARRAGONA"""
"Atenció continuada CAP Sant Salvador,,""Sanitari"",""No"",""41.1576945488789"",""1.24173327027292"",""CR DE L`ALZINA DEL MAS 2 CP: 43130"",,""Nord"",""4314820002"",""AJUNTAMENT DE TARRAGONA"""
"Farmàcia Fullana Galofré, Jaume,,""Sanitari"",""No"",""41.1118561800043"",""1.2507442782182"",""CR D`APODACA 28 PLNT: 00 PRT: 01 CP: 43004"",,""Centre"",""4314820002"",""AJUNTAMENT DE TARRAGONA"""
"Farmàcia Salomo Tuset, Esther,,""Sanitari"",""No"",""41.1159584659607"",""1.25052322022639"",""CR DE CAÑELLAS 6 PLNT: PR PRT: 01 CP: 43001"",,""Centre"",""4314820002"",""AJUNTAMENT DE TARRAGONA"""
"Farmàcia Meler Brosed, Raül Enrique,,""Sanitari"",""No"",""41.1135561595122"",""1.2478679310053"",""CR DELS CAPUTXINS 21 PLNT: 00 PRT: 01 CP: 43001"",,""Centre"",""4314820002"",""AJUNTAMENT DE TARRAGONA"""
"Farmàcia Salazar Echavarria, Antonio,,""Sanitari"",""No"",""41.1167821884423"",""1.25614910235562"",""CR DEL COS DEL BOU 2 BLQ: 0000 CP: 43003"",,""Centre"",""4314820002"",""AJUNTAMENT DE TARRAGONA"""
"Farmàcia Gogul Ardévol, Francesc J.,,""Sanitari"",""No"",""41.1156225050152"",""1.24761415904485"",""CR DE CRISTOFOR COLOM 23 PLNT: 00 PRT: 01 CP: 43001"",,""Eixample"",""4314820002"",""AJUNTAMENT DE TARRAGONA"""
"Farmàcia Fullana Fiol, Bartomeu,,""Sanitari"",""No"",""41.1168548209964"",""1.24877494923301"",""CR DE CRISTOFOR COLOM 1 PLNT: 03 PRT: 01 CP: 43001"",,""Eixample"",""4314820002"",""AJUNTAMENT DE TARRAGONA"""
"Farmàcia Andreu Prats, M. Dolors,,""Sanitari"",""No"",""41.1227633841807"",""1.21844513863886"",""CR DELTEBRE 1 PLNT: -1 PRT: 01 CP: 43006"",,""Ponent"",""4314820002"",""AJUNTAMENT DE TARRAGONA"""
"Farmàcia Felip Colet, M. Carme,,""Sanitari"",""No"",""41.1237145148744"",""1.23738640745677"",""PL DE LES CORTS CATALANES 3 PLNT: -3 PRT: 301 CP: 43005"",,""Eixample"",""4314820002"",""AJUNTAMENT DE TARRAGONA"""
"Atenció continuada CAP Nou Tàrraco,,""Sanitari"",""No"",""41.1239948972696"",""1.2387691656789"",""CR DOCTOR MALLAFRE GUASCH 4 CP: 43007"",,""Eixample"",""4314820002"",""AJUNTAMENT DE TARRAGONA"""
"Hospital Universitari Joan XXIII de Tarragona,,""Sanitari"",""No"",""41.1239948972696"",""1.2387691656789"",""CR DOCTOR MALLAFRE GUASCH 4 CP: 43007"",,""Eixample"",""4314820002"",""AJUNTAMENT DE TARRAGONA"""
"CAS Tarragona,,""Sanitari"",""No"",""41.1239948972696"",""1.2387691656789"",""CR DOCTOR MALLAFRE GUASCH 4 CP: 43007"",,""Eixample"",""4314820002"",""AJUNTAMENT DE TARRAGONA"""
"CAP Nou Tàrraco,,""Sanitari"",""No"",""41.1239948972696"",""1.2387691656789"",""CR DOCTOR MALLAFRE GUASCH 4 CP: 43007"",,""Eixample"",""4314820002"",""AJUNTAMENT DE TARRAGONA"""
"Farmàcia Pujol Perpiñà, Artur,,""Sanitari"",""No"",""41.1143218141979"",""1.24415866863685"",""CR D`EIVISSA 7 PLNT: 01 PRT: 01 CP: 43005"",,""Eixample"",""4314820002"",""AJUNTAMENT DE TARRAGONA"""
"Farmàcia Larrea Clausell, M.Isabel - Elena C.,,""Sanitari"",""No"",""41.1182746666789"",""1.24811042129096"",""CR DE L`ENGINYER CABESTANY 2 PLNT: -1 CP: 43001"",,""Eixample"",""4314820002"",""AJUNTAMENT DE TARRAGONA"""
"CAP Muralles,,""Sanitari"",""No"",""41.12115818051056"",""1.2548284248708441"",""CR DE L`ESCULTOR VERDEROL S/N CP: 43002"",,""EIXAMPLE"",""4314820002"",""AJUNTAMENT DE TARRAGONA"""
"Farmàcia Bru Roig, Blanca,,""Sanitari"",""No"",""41.1207840419564"",""1.21819257347498"",""CR DE FALSET 16 PLNT: 00 PRT: 01 CP: 43006"",,""Ponent"",""4314820002"",""AJUNTAMENT DE TARRAGONA"""
"Farmàcia Papaceit Sansa, Laura,,""Sanitari"",""No"",""41.1212962736066"",""1.25288759133731"",""CR DE FLORENCI VIVES 8 PLNT: -1 CP: 43002"",,""Eixample"",""4314820002"",""AJUNTAMENT DE TARRAGONA"""
"Farmàcia Pinilla Andreu, Míriam,,""Sanitari"",""No"",""41.1155804775317"",""1.24225894903113"",""CR DE FRANCESC BASTOS 1 PLNT: -1 PRT: 01 CP: 43005"",,""Centre"",""4314820002"",""AJUNTAMENT DE TARRAGONA"""
"Farmàcia Ciutat Montserrat, R - Molero Ciutat, H,,""Sanitari"",""No"",""41.1220901429535"",""1.21434176355189"",""CR DE GOMERA 6 PLNT: 00 PRT: 01 CP: 43006"",,""Ponent"",""4314820002"",""AJUNTAMENT DE TARRAGONA"""
"Farmàcia Eplugas Solé, Emma,,""Sanitari"",""No"",""41.1119431720505"",""1.24407464461429"",""CR DE JAUME I 46 ESC: A PLNT: 00 PRT: 01 CP: 43005"",,""Centre"",""4314820002"",""AJUNTAMENT DE TARRAGONA"""
"CAP Jaume I,,""Sanitari"",""No"",""41.1125032189315"",""1.24383544492684"",""CR DE JAUME I 45-49 CP: 43005"",,""EIXAMPLE"",""4314820002"",""AJUNTAMENT DE TARRAGONA"""
"Farmàcia Pujol Perpiñà, Gemma,,""Sanitari"",""No"",""41.1211924248907"",""1.27087248975637"",""CR JOAN FUSTER I ORTELLS 7 ESC: 1 PLNT: -1 PRT: 01 CP: 43007"",,""Llevant"",""4314820002"",""AJUNTAMENT DE TARRAGONA"""
"Centre Sociosanitari Santa Tecla Llevant,,""Sanitari"",""No"",""41.1220903337574"",""1.26709181346947"",""CR JOAN FUSTER I ORTELLS 32 CP: 43007"",,""Llevant"",""4314820002"",""AJUNTAMENT DE TARRAGONA"""
"CAP Santa Tecla-Llevant,,""Sanitari"",""No"",""41.1220903337574"",""1.26709181346947"",""CR JOAN FUSTER I ORTELLS 32 CP: 43007"",,""Llevant"",""4314820002"",""AJUNTAMENT DE TARRAGONA"""
"Hospital de dia sociosanitari Centre Sociosanitari Santa Tecla Llevant,,""Sanitari"",""No"",""41.1220903337574"",""1.26709181346947"",""CR JOAN FUSTER I ORTELLS 32 CP: 43007"",,""Llevant"",""4314820002"",""AJUNTAMENT DE TARRAGONA"""
"Hospital Sociosanitari Francolí,,""Sanitari"",""No"",""41.1263026545084"",""1.23849418297148"",""CR DOCTOR MALLAFRE GUASCH 4 PLNT: BAIX CP: 43007"",,""Eixample"",""4314820002"",""AJUNTAMENT DE TARRAGONA"""
"Hospital de dia sociosanitari Hospital Sociosanitari Francolí,,""Sanitari"",""No"",""41.1263026545084"",""1.23849418297148"",""CR DOCTOR MALLAFRE GUASCH 4 PLNT: BAIX CP: 43007"",,""Eixample"",""4314820002"",""AJUNTAMENT DE TARRAGONA"""
"PADES Tarragonès,,""Sanitari"",""No"",""41.1263026545084"",""1.23849418297148"",""CR DOCTOR MALLAFRE GUASCH 4 PLNT: BAIX CP: 43007"",,""Eixample"",""4314820002"",""AJUNTAMENT DE TARRAGONA"""
"PADES Tarragona,,""Sanitari"",""No"",""41.1263026545084"",""1.23849418297148"",""CR DOCTOR MALLAFRE GUASCH 4 PLNT: BAIX CP: 43007"",,""Eixample"",""4314820002"",""AJUNTAMENT DE TARRAGONA"""
"Farmàcia Vidal Vidal, Ana Maria,,""Sanitari"",""No"",""41.1221239406433"",""1.2742036896624"",""CR DE SALVADOR ESPRIU 22 PLNT: -1 PRT: 01 CP: 43007"",,""Llevant"",""4314820002"",""AJUNTAMENT DE TARRAGONA"""
"CAP Torreforta-La Granja,,""Sanitari"",""No"",""41.1228189147801"",""1.21418322296548"",""CR DE GOMERA 1 CP: 43006"",,""Ponent"",""4314820002"",""AJUNTAMENT DE TARRAGONA"""
"Atenció continuada CAP Torreforta-La Granja,,""Sanitari"",""No"",""41.1228189147801"",""1.21418322296548"",""CR DE GOMERA 1 CP: 43006"",,""Ponent"",""4314820002"",""AJUNTAMENT DE TARRAGONA"""
"Farmàcia Martí Bartolin, Raül,,""Sanitari"",""No"",""41.119640822779"",""1.21926551587613"",""CR DE LA SEGARRA 19 ESC: 1 PLNT: 00 PRT: 01 CP: 43006"",,""Ponent"",""4314820002"",""AJUNTAMENT DE TARRAGONA"""
"Farmàcia Mas Cavallé, Sílvia,,""Sanitari"",""No"",""41.1183369670076"",""1.25737455200655"",""PL DE SANTIAGO RUSIÑOL 9 BLQ: 0000 CP: 43003"",,""Centre"",""4314820002"",""AJUNTAMENT DE TARRAGONA"""
"Residència Santa Tecla Ponent Internament,,""Sanitari"",""No"",""41.1226339190303"",""1.21285411151103"",""CR DE MENORCA 26 CP: 43006"",,""Ponent"",""4314820002"",""AJUNTAMENT DE TARRAGONA"""
"Farmàcia Alcoceba Gutierrez, Mercè,,""Sanitari"",""No"",""41.1633315381679"",""1.24311591490536"",""CR DE MUNTANER 13 CP: 43130"",,""Nord"",""4314820002"",""AJUNTAMENT DE TARRAGONA"""
"Farmàcia Fernández Cabré, Ma. Esther,,""Sanitari"",""No"",""41.1174336107805"",""1.24438072744907"",""CR D`HIGINI ANGLES 12 ESC: A PLNT: 00 PRT: 03 CP: 43001"",,""Eixample"",""4314820002"",""AJUNTAMENT DE TARRAGONA"""
"Farmàcia Salazar Mena, A - Salazar Echavarría, A,,""Sanitari"",""No"",""41.1197961802379"",""1.24987403406799"",""CR DE PIN I SOLER 3 PLNT: 00 PRT: 02 CP: 43002"",,""Eixample"",""4314820002"",""AJUNTAMENT DE TARRAGONA"""
"Farmàcia Carreras Jofre, Carme,,""Sanitari"",""No"",""41.1208194743784"",""1.19300452527722"",""CR QUINZE-BONAVISTA 14 CP: 43100"",,""PONENT"",""4314820002"",""AJUNTAMENT DE TARRAGONA"""
"Servei de Rehabilitació Comunitària Tarragona,,""Sanitari"",""No"",""41.1125797386197"",""1.24998377421324"",""CR DE SANT MAGI 10 PLNT: -2 PRT: 01 CP: 43004"",,""Centre"",""4314820002"",""AJUNTAMENT DE TARRAGONA"""
"Hospital de dia de salut mental CSM Tarragona,,""Sanitari"",""No"",""41.1125797386197"",""1.24998377421324"",""CR DE SANT MAGI 10 PLNT: -2 PRT: 01 CP: 43004"",,""Centre"",""4314820002"",""AJUNTAMENT DE TARRAGONA"""
"Farmàcia Boronat Poderós, Jorge,,""Sanitari"",""No"",""41.1112265494457"",""1.24718769118565"",""CR REIAL 21 CP: 43004"",,""Centre"",""4314820002"",""AJUNTAMENT DE TARRAGONA"""
"Farmàcia Torell Sorio, Montserrat,,""Sanitari"",""No"",""41.1164691840458"",""1.20265061622434"",""CR DEL RIU TER 6 ESC: 11 PLNT: 00 PRT: L1 CP: 43006"",,""Ponent"",""4314820002"",""AJUNTAMENT DE TARRAGONA"""
"Farmàcia Roig Cucurull, M.C. - Sabaté Roig, J.,,""Sanitari"",""No"",""41.1205201238672"",""1.251025334423"",""CR DE ROVIRA I VIRGILI 30 PLNT: 00 PRT: 01 CP: 43002"",,""Eixample"",""4314820002"",""AJUNTAMENT DE TARRAGONA"""
"Farmàcia Esque Englund, Francisco,,""Sanitari"",""No"",""41.1179736797542"",""1.2496543615563"",""CR DE ROVIRA I VIRGILI 6 PLNT: 00 PRT: 04 CP: 43002"",,""Eixample"",""4314820002"",""AJUNTAMENT DE TARRAGONA"""
"CSMA Tarragona Nord i CSMA Tarragona Sud,,""Sanitari"",""No"",""41.1179031892829"",""1.25014911481388"",""CR DE ROVIRA I VIRGILI 9 PLNT: 00 PRT: 01 CP: 43002"",,""Centre"",""4314820002"",""AJUNTAMENT DE TARRAGONA"""
"Farmàcia Rovira Sánchez, Albert,,""Sanitari"",""No"",""41.1227783981702"",""1.24521937995391"",""AV DE CATALUNYA 56 ESC: A PLNT: 00 PRT: 01 CP: 43002"",,""Eixample"",""4314820002"",""AJUNTAMENT DE TARRAGONA"""
"Farmàcia García Manzanares, MT-Plana García, V,,""Sanitari"",""No"",""41.1191246273972"",""1.2119911075274"",""RB DE PONENT 10 PLNT: 00 PRT: 01 CP: 43006"",,""Ponent"",""4314820002"",""AJUNTAMENT DE TARRAGONA"""
"CAP Bonavista,,""Sanitari"",""No"",""41.118916066513"",""1.1915035390039"",""CR SET-BONAVISTA 36 CP: 43100"",,""PONENT"",""4314820002"",""AJUNTAMENT DE TARRAGONA"""
"Atenció continuada CAP Bonavista,,""Sanitari"",""No"",""41.118916066513"",""1.1915035390039"",""CR SET-BONAVISTA 36 CP: 43100"",,""PONENT"",""4314820002"",""AJUNTAMENT DE TARRAGONA"""
"Farmàcia Alustiza Masot, José Ignacio,,""Sanitari"",""No"",""41.1120146492694"",""1.2406941147808"",""CR DE TORRES JORDI 14 PLNT: 00 PRT: 01 CP: 43005"",,""Centre"",""4314820002"",""AJUNTAMENT DE TARRAGONA"""
"Farmàcia Sanromà Prats, N - Rubio Sanromà, C,,""Sanitari"",""No"",""41.1150000038929"",""1.25181310740061"",""CR DE LA UNIO 17 ESC: 1 PLNT: 00 PRT: 01 CP: 43001"",,""Centre"",""4314820002"",""AJUNTAMENT DE TARRAGONA"""
"Farmàcia Nebrera Montoro, AM - Borrero Nebrera, A,,""Sanitari"",""No"",""41.117244780548226"",""1.1925538704894079"",""CR VINT-I-U-BONAVISTA 24 CP: 43100"",,""PONENT"",""4314820002"",""AJUNTAMENT DE TARRAGONA"""
"Farmàcia Creus Armengol, A. - Escudero Creus, I.,,""Sanitari"",""No"",""41.1387913651144"",""1.25824359596152"",""CR DE VIOLANT D`HONGRIA 25 PLNT: 00 PRT: 01 CP: 43007"",,""Nord"",""4314820002"",""AJUNTAMENT DE TARRAGONA"""
"Farmàcia Domingo García, Núria,,""Sanitari"",""No"",""41.1173931447571"",""1.25550473646628"",""PL DELS SEDASSOS 10 PLNT: 00 PRT: 01 CP: 43003"",,""Centre"",""4314820002"",""AJUNTAMENT DE TARRAGONA"""
"Llar residència Estela,,""Social"",""No"",""41.1316566189846"",""1.24047971086584"",""CR DE VALLS CP: 43007"",,""NORD"",""4314820002"",""AJUNTAMENT DE TARRAGONA"""
"Pis amb suport Loreto,,""Social"",""No"",""41.125306700228"",""1.27945733849817"",""CT DEL LLORITO 4 CP: 43007"",,""LLEVANT"",""4314820002"",""AJUNTAMENT DE TARRAGONA"""
"Llar d'infants La Baldufa,,""Ensenyament i educació"",""No"",""41.1162436492374"",""1.21331972438609"",""CR Y-URBANITZACIO DEL PILAR 6 BLQ: 9 PLNT: 00 PRT: A CP: 43006"",,""Ponent"",""4314820002"",""AJUNTAMENT DE TARRAGONA"""
"Facultat de Ciències de l'Educació i Psicologia (URV),,""Ensenyament i educació"",""No"",""41.1317322933489"",""1.24278212317423"",""AC ACCES EDUCACIONAL 7 CP: 43007"",,""Nord"",""4314820002"",""AJUNTAMENT DE TARRAGONA"""
"Institut Comte de Rius,,""Ensenyament i educació"",""No"",""41.1349225662373"",""1.24039143063682"",""SANT PERE SESCELADES"",,""Nord"",""4314820002"",""AJUNTAMENT DE TARRAGONA"""
"UNIVIVERSITAT ROVIRA I VIRGILI,,""Esports"",""No"",""41.132574442968"",""1.24135596493857"",""AC ACCES EDUCACIONAL 4 CP: 43007"",,""Nord"",""4314820002"",""AJUNTAMENT DE TARRAGONA"""
"EADT de Tarragona,,""Ensenyament i educació"",""No"",""41.1317322933489"",""1.24278212317423"",""CT DE VALLS S/N CP: 43007"",,""NORD"",""4314820002"",""AJUNTAMENT DE TARRAGONA"""
"Heliport Port de Tarragona,,""Mobilitat"",""No"",""41.0884293377672"",""1.22605523433306"",""PG D`ESCULLERA CP: 43004"",,""Centre"",""4314820002"",""AJUNTAMENT DE TARRAGONA"""
"Sala de Lectura Sant Pere i Sant Pau,,""Cultura"",""No"",""41.1386677902469"",""1.25302699313696"",""BL EUROPA ESC: C PLNT: BAIXOS CP: 43007"",,""NORD"",""4314820002"",""AJUNTAMENT DE TARRAGONA"""
"OFICINA DE TURISME DE TARRAGONA,,""Turisme i Oci"",""No"",""41.118117945875"",""1.25748457117341"",""CR MAJOR 37 PLNT: 00 PRT: 01 CP: 43003"",,""Centre"",""4314820002"",""AJUNTAMENT DE TARRAGONA"""
"Museu del Port de Tarragona,,""Cultura"",""No"",""41.1100544489286"",""1.24544518489228"",""ML DE COSTA 5 CP: 43004"",,""Centre"",""4314820002"",""AJUNTAMENT DE TARRAGONA"""
"Confraria de Pescadors de Tarragona,,""Agricultura"",""No"",""41.1093731134086"",""1.24087805929402"",""ML DE PESCADORS 1 CP: 43004"",,""CENTRE"",""4314820002"",""AJUNTAMENT DE TARRAGONA"""
"Farmàcia Sanchez Raja, Estela,,""Sanitari"",""No"",""41.1566058785662"",""1.24628122282546"",""CR DEL MAS DELS CUPS 13 ESC: 1 PLNT: 00 PRT: 01 CP: 43130"",,""Nord"",""4314820002"",""AJUNTAMENT DE TARRAGONA"""
"Port de Tarragona,,""Mobilitat"",""No"",""41.10823095593842"",""1.2454096436739848"",,,,""4314820002"",""AJUNTAMENT DE TARRAGONA"""
"PUNT D'ATENCIÓ TURÍSTICA DE TARRAGONA,,""Turisme i Oci"",""No"",,,,,,""4314820002"",""AJUNTAMENT DE TARRAGONA"""
"ZONA ESPORTIVA DEL PARC DEL RIU FRANCOLÍ,,""Esports"",""No"",""41.1252210556944"",""1.23381238523202"",""CR DE JOAN MIRO 9 PLNT: BAIX CP: 43007"",,""Eixample"",""4314820002"",""AJUNTAMENT DE TARRAGONA"""
"PARC QUINTA DE ST. RAFAEL - PARC DE LA CIUTAT,,""Esports"",""No"",""41.1173442941107"",""1.24238623913166"",""AV DE RAMON Y CAJAL 55 B CP: 43005"",,""Eixample"",""4314820002"",""AJUNTAMENT DE TARRAGONA"""
"A.V. Progressista Torreforta,,""Tecnologia"",""No"",,,,,,""4314820002"",""AJUNTAMENT DE TARRAGONA"""
"Equip Bàsic d'Atenció Primària de la Canonja,,""Social"",""No"",,,,,,""4314820002"",""AJUNTAMENT DE TARRAGONA"""
"Centre Obert Torreforta                                                                             ,,""Social"",""No"",""41.140774584633"",""1.24660762928027"",""CM DEL PONT DEL DIABLE 1 CP: 43007"",,""Nord"",""4314820002"",""AJUNTAMENT DE TARRAGONA"""
"Casa d'acollida de transeünts,,""Social"",""No"",""41.1180616683068"",""1.2590795661610743"",""PL DE LES PESCATERIES VELLES 9 CP: 43003"",,""CENTRE"",""4314820002"",""AJUNTAMENT DE TARRAGONA"""
"SAEJ Tarragona,,""Social"",""No"",""41.1144164907983"",""1.24690399682688"",""PL DE PONENT 11 CP: 43001"",,""CENTRE"",""4314820002"",""AJUNTAMENT DE TARRAGONA"""
"USIF Unitat Tècnica Individual i Familiar                                                           ,,""Social"",""No"",""41.124126065179"",""1.22137343259205"",""CM DELS MONGONS 3 PLNT: BAIX CP: 43006"",,""Ponent"",""4314820002"",""AJUNTAMENT DE TARRAGONA"""
"Centre de desenvolupament infantil Santa Tecla                                                      ,,""Social"",""No"",""41.1156599367023"",""1.25556590259612"",""CR DE JOAN MARAGALL 1 A PLNT: 02 PRT: 01 CP: 43003"",,""Centre"",""4314820002"",""AJUNTAMENT DE TARRAGONA"""
"CFA Tarragona,,""Ensenyament i educació"",""No"",""41.119680805921384"",""1.2217849477922105"",""CR B-RIU CLAR S/N CP: 43006"",,""PONENT"",""4314820002"",""AJUNTAMENT DE TARRAGONA"""
"PISTES POLIESPORTIVES PG. MARÍTIM,,""Esports"",""No"",""41.1148393624835"",""1.26484899030637"",""PJ DEL MIRACLE 4 PLNT: BAIX CP: 43007"",,""Llevant"",""4314820002"",""AJUNTAMENT DE TARRAGONA"""
"Centre Obert Mitja Lluna                                                                            ,,""Social"",""No"",""41.1112982249462"",""1.23996507659434"",""PR PASSEIG INDEPENDENCIA 6 B CP: 43005"",,""Eixample"",""4314820002"",""AJUNTAMENT DE TARRAGONA"""
"Farmàcia Mestre Anguera, Immaculada,,""Sanitari"",""No"",""41.1160366423204"",""1.21704611962958"",""PL DE GARCIA LORCA 1 ESC: 1 PLNT: 00 PRT: 01 CP: 43006"",,""Ponent"",""4314820002"",""AJUNTAMENT DE TARRAGONA"""
"Farmàcia Roset Armengol,M/Font-Quer Civit-hereu-,,""Sanitari"",""No"",""41.121877061807"",""1.24087500548275"",""PL DE LA GENERALITAT 1 CP: 43005"",,""EIXAMPLE"",""4314820002"",""AJUNTAMENT DE TARRAGONA"""
"CAP Rambla Nova - Pediatrìa,,""Sanitari"",""No"",""41.1166216944812"",""1.24476065329619"",""CR DE PERE MARTELL 14 PLNT: 01 PRT: 03 CP: 43001"",,""Eixample"",""4314820002"",""AJUNTAMENT DE TARRAGONA"""
"Farmàcia Tuset Pros, Josefina,,""Sanitari"",""No"",""41.1186670716217"",""1.21050165518211"",""RB DE PONENT 6 A PLNT: 00 PRT: 01 CP: 43006"",,""Ponent"",""4314820002"",""AJUNTAMENT DE TARRAGONA"""
"ZONA ESPORTIVA PL. 1 DE MAIG,,""Esports"",""No"",""41.1194724147062"",""1.22414656061627"",""CR C-RIU CLAR 5 PLNT: BAIX CP: 43006"",,""Ponent"",""4314820002"",""AJUNTAMENT DE TARRAGONA"""
"Llar d'infants El Miracle,,""Ensenyament i educació"",""No"",""41.115091539657065"",""1.2599077073188036"",""PL CARDENAL ARCE OCHOTORENA S/N CP: 43003"",,""LLEVANT"",""4314820002"",""AJUNTAMENT DE TARRAGONA"""
"Institut Tarragona,,""Ensenyament i educació"",""No"",""41.1193672925451"",""1.24671952709359"",""PL DE LA IMPERIAL TARRACO 1 CP: 43005"",,""Eixample"",""4314820002"",""AJUNTAMENT DE TARRAGONA"""
"Arxiu Municipal de Constantí,,""Cultura"",""No"",,,,,,""4314820002"",""AJUNTAMENT DE TARRAGONA"""
"Consorci Institut Català d'Arqueologia Clàssica,,""Recerca"",""No"",""41.1175188976254"",""1.25920369701058"",""CR DE L`ARC DE SANT BERNAT 1 BLQ: 0000 CP: 43003"",,""CENTRE"",""4314820002"",""AJUNTAMENT DE TARRAGONA"""
"Institut Català d'Arqueologia Clàssica (URV),,""Recerca"",""No"",""41.1175188976254"",""1.25920369701058"",""CR DE L`ARC DE SANT BERNAT 1 BLQ: 0000 CP: 43003"",,""Centre"",""4314820002"",""AJUNTAMENT DE TARRAGONA"""
"Servei d'informació i atenció a les dones (SIAD) de Tarragona,,""Social"",""No"",""41.1173903861965"",""1.25416887596334"",""PL DE LA FONT 1 BLQ: 0000 CP: 43003"",,""Centre"",""4314820002"",""AJUNTAMENT DE TARRAGONA"""
"Estació d'autobusos de Tarragona,,""Mobilitat"",""No"",""41.1181805806475"",""1.24425492019917"",""PL DE LA IMPERIAL TARRACO 5 B CP: 43005"",,""Eixample"",""4314820002"",""AJUNTAMENT DE TARRAGONA"""
"Institut Català d'Arqueologia Clàssica. Centre de documentació,,""Cultura"",""No"",""41.1175188976254"",""1.25920369701058"",""PL D`EN ROVELLAT S/N CP: 43003"",,""CENTRE"",""4314820002"",""AJUNTAMENT DE TARRAGONA"""
"Biblioteca Pública de Torreforta,,""Cultura"",""No"",""41.1170715375307"",""1.21615134358133"",""CR DEL RIU GLORIETA 7 CP: 43006"",,""Ponent"",""4314820002"",""AJUNTAMENT DE TARRAGONA"""
"Servei Públic Municipal de Transport Adaptat Assistit                                               ,,""Social"",""No"",""41.1173903861965"",""1.25416887596334"",""PL DE LA FONT 1 BLQ: 0000 CP: 43003"",,""Centre"",""4314820002"",""AJUNTAMENT DE TARRAGONA"""
"Casa d'Acollida a Transeünts - Càritas                                                              ,,""Social"",""No"",""41.1180294279672"",""1.25926809698697"",""PL DE LES PESCATERIES VELLES 11 BLQ: 0000 CP: 43003"",,""Centre"",""4314820002"",""AJUNTAMENT DE TARRAGONA"""
"MUSEU DIOCESÀ DE TARRAGONA,,""Cultura"",""No"",""41.1181173221885"",""1.25632992606449"",""PL D`EN RIPOLL 4 BLQ: 0000 CP: 43003"",,""Centre"",""4314820002"",""AJUNTAMENT DE TARRAGONA"""
"Centre de Normalització Lingüística de Tarragona (CNL),,""Comunicació"",""No"",""41.1193672925451"",""1.24671952709359"",""PL DE LA IMPERIAL TARRACO 1 CP: 43005"",,""EIXAMPLE"",""4314820002"",""AJUNTAMENT DE TARRAGONA"""
"Servei Comarcal de Català del Tarragonès (SCC),,""Comunicació"",""No"",""41.1193672925451"",""1.24671952709359"",""PL DE LA IMPERIAL TARRACO 1 PLNT: 2 CP: 43005"",,""EIXAMPLE"",""4314820002"",""AJUNTAMENT DE TARRAGONA"""
"Servei Local de Català de Tarragona (SLC),,""Comunicació"",""No"",""41.1193672925451"",""1.24671952709359"",""PL DE LA IMPERIAL TARRACO 1 PLNT: 2 CP: 43005"",,""EIXAMPLE"",""4314820002"",""AJUNTAMENT DE TARRAGONA"""
"Àrea Regional de Trànsit (Regió Policial Camp de Tarragona),,""Seguretat"",""No"",""41.1155279639737"",""1.20576436648623"",""CR DEL RIU BRUGENT 1 CP: 43006"",,""Ponent"",""4314820002"",""AJUNTAMENT DE TARRAGONA"""
"Comissaria de la Policia de la Generalitat - Mossos d'Esquadra a Tarragona,,""Seguretat"",""No"",""41.1155279639737"",""1.20576436648623"",""CR DEL RIU BRUGENT 1 CP: 43006"",,""Ponent"",""4314820002"",""AJUNTAMENT DE TARRAGONA"""
"Regió Policial Camp de Tarragona,,""Seguretat"",""No"",""41.1155279639737"",""1.20576436648623"",""CR DEL RIU BRUGENT 1 CP: 43006"",,""Ponent"",""4314820002"",""AJUNTAMENT DE TARRAGONA"""
"OFICINA JOVE DEL TARRAGONÈS,,""Social"",""No"",""41.1193672925451"",""1.24671952709359"",""PL DE LA IMPERIAL TARRACO 1 CP: 43005"",,""Eixample"",""4314820002"",""AJUNTAMENT DE TARRAGONA"""
"Som-hi tots                                                                                         ,,""Social"",""No"",""41.1197736592488"",""1.25693308496585"",""PL DE PALAU 2 CP: 43003"",,""Centre"",""4314820002"",""AJUNTAMENT DE TARRAGONA"""
"Parc de Bombers de Tarragona,,""Seguretat"",""No"",,,,,,""4314820002"",""AJUNTAMENT DE TARRAGONA"""
"REIAL CLUB NÀUTIC TARRAGONA,,""Esports"",""No"",""41.0990195636336"",""1.23822982413722"",""ML D`ARAGO 3 CP: 43004"",,""Centre"",""4314820002"",""AJUNTAMENT DE TARRAGONA"""
"Farmàcia Iañez Burgos, Oliva,,""Sanitari"",""No"",""41.1170257146073"",""1.26464808613936"",""PG MARITIM RAFAEL CASANOVA 1 PLNT: 00 PRT: 02 CP: 43003"",,""Llevant"",""4314820002"",""AJUNTAMENT DE TARRAGONA"""
"Esc. de Música Estudi de Música,,""Ensenyament i educació"",""No"",""41.1162324221918"",""1.24950555232511"",""PE DE COBOS 3 CP: 43001"",,""Centre"",""4314820002"",""AJUNTAMENT DE TARRAGONA"""
"Cent.Prof.Dansa Artemis,,""Ensenyament i educació"",""No"",""41.1162745376256"",""1.24967487560472"",""PE DE COBOS 5 CP: 43001"",,""Centre"",""4314820002"",""AJUNTAMENT DE TARRAGONA"""
"Escola de Dansa Artemis,,""Ensenyament i educació"",""No"",""41.1162745376256"",""1.24967487560472"",""PE DE COBOS 5 CP: 43001"",,""Centre"",""4314820002"",""AJUNTAMENT DE TARRAGONA"""
"Institut Campclar,,""Ensenyament i educació"",""No"",""41.124095803444"",""1.21177223295648"",""RB DE PONENT 19 CP: 43006"",,""Ponent"",""4314820002"",""AJUNTAMENT DE TARRAGONA"""
"Servei d'Orientació Jurídica (SOJ) a Tarragona,,""Justícia"",""No"",""41.1200290233012"",""1.24252420889518"",""RB DEL PRESIDENT COMPANYS 8 CP: 43005"",,""Eixample"",""4314820002"",""AJUNTAMENT DE TARRAGONA"""
"Oficina d'Atenció a la Víctima del Delicte de Tarragona,,""Justícia"",""No"",""41.1200290233012"",""1.24252420889518"",""RB DEL PRESIDENT COMPANYS 8 CP: 43005"",,""Eixample"",""4314820002"",""AJUNTAMENT DE TARRAGONA"""
"Servei d'Orientació Mediadora (SOM) de Tarragona,,""Justícia"",""No"",""41.1200290233012"",""1.24252420889518"",""RB DEL PRESIDENT COMPANYS 8 CP: 43005"",,""Eixample"",""4314820002"",""AJUNTAMENT DE TARRAGONA"""
"Oficina d'Atenció al Ciutadà dels jutjats de Tarragona,,""Justícia"",""No"",""41.1200290233012"",""1.24252420889518"",""RB DEL PRESIDENT COMPANYS 8 CP: 43005"",,""Eixample"",""4314820002"",""AJUNTAMENT DE TARRAGONA"""
"Alberg-Residència Sant Jordi,,""Turisme i Oci"",""No"",""41.1204630064729"",""1.24331569753374"",""AV D`ANDORRA 6 ESC: 1 PLNT: 00 PRT: 01 CP: 43002"",,""Eixample"",""4314820002"",""AJUNTAMENT DE TARRAGONA"""
"Registre Civil Exclusiu núm. 1,,""Justícia"",""No"",""41.118143146775"",""1.24655833219464"",""RB NOVA 118 ESC: 1 PLNT: 01 PRT: 01 CP: 43001"",,""Eixample"",""4314820002"",""AJUNTAMENT DE TARRAGONA"""
"EQUIPAMENT ESPORTIU VIDING -SANT JORDI,,""Esports"",""No"",""41.1204630064729"",""1.24331569753374"",""AV D`ANDORRA 6 ESC: 1 PLNT: 00 PRT: 01 CP: 43002"",,""Eixample"",""4314820002"",""AJUNTAMENT DE TARRAGONA"""
"Farmàcia Micó Cornadó, J. - Micó Recasens, G.,,""Sanitari"",""No"",""41.1188104038557"",""1.24648588921162"",""RB NOVA 127 PLNT: 00 PRT: 01 CP: 43001"",,""Eixample"",""4314820002"",""AJUNTAMENT DE TARRAGONA"""
"Farmàcia Domingo Saigi, Pere,,""Sanitari"",""No"",""41.1150629897131"",""1.25291923460462"",""CR DE MENDEZ NUñEZ 1 PLNT: 00 PRT: 01 CP: 43004"",,""Centre"",""4314820002"",""AJUNTAMENT DE TARRAGONA"""
"Farmàcia Sanz Sanz, Fermin,,""Sanitari"",""No"",""41.1150629897131"",""1.25291923460462"",""CR DE MENDEZ NUñEZ 1 PLNT: 00 PRT: 01 CP: 43004"",,""Centre"",""4314820002"",""AJUNTAMENT DE TARRAGONA"""
"Hospital Sant Pau i Santa Tecla,,""Sanitari"",""No"",""41.1162362563649"",""1.25479370538136"",""RB VELLA 14 CP: 43003"",,""Centre"",""4314820002"",""AJUNTAMENT DE TARRAGONA"""
"Farmàcia Payo Sol, Anna,,""Sanitari"",""No"",""41.1166915125117"",""1.25490765517636"",""RB VELLA 31 ESC: 1 PLNT: 00 PRT: 01 CP: 43003"",,""Centre"",""4314820002"",""AJUNTAMENT DE TARRAGONA"""
"Centre de Serveis Socials de la Part Alta                                                           ,,""Social"",""No"",""41.1160456992997"",""1.25629581466979"",""RB VELLA 7 B BLQ: 0000 PLNT: 04 PRT: 01 CP: 43003"",,""Centre"",""4314820002"",""AJUNTAMENT DE TARRAGONA"""
"Llar d'infants Sant Pere i Sant Pau,,""Ensenyament i educació"",""No"",,,,,,""4314820002"",""AJUNTAMENT DE TARRAGONA"""
"PUNT D'ATENCIÓ TURÍSTICA DE TARRAGONA,,""Turisme i Oci"",""No"",,,,,,""4314820002"",""AJUNTAMENT DE TARRAGONA"""
"OFICINA DE TURISME DE TARRAGONA,,""Turisme i Oci"",""No"",,,,,,""4314820002"",""AJUNTAMENT DE TARRAGONA"""
"Oficina Municipal d'Informació al Consumidor de Tarragona,,""Comerç"",""No"",""41.1157294298875"",""1.25319657900592"",""RB NOVA 59 CP: 43003"",,""Centre"",""4314820002"",""AJUNTAMENT DE TARRAGONA"""
"Secció 4a penal de l'Audiència Provincial,,""Justícia"",""No"",""41.1200290233012"",""1.24252420889518"",""RB DEL PRESIDENT COMPANYS 8 CP: 43005"",,""Eixample"",""4314820002"",""AJUNTAMENT DE TARRAGONA"""
"Deganat,,""Justícia"",""No"",""41.1200290233012"",""1.24252420889518"",""RB DEL PRESIDENT COMPANYS 8 CP: 43005"",,""Eixample"",""4314820002"",""AJUNTAMENT DE TARRAGONA"""
"Secció 4a penal de l'Audiència Provincial,,""Justícia"",""No"",""41.1200290233012"",""1.24252420889518"",""RB DEL PRESIDENT COMPANYS 8 CP: 43005"",,""Eixample"",""4314820002"",""AJUNTAMENT DE TARRAGONA"""
"Fiscalia Provincial de Tarragona,,""Justícia"",""No"",""41.1200290233012"",""1.24252420889518"",""RB DEL PRESIDENT COMPANYS 8 CP: 43005"",,""Eixample"",""4314820002"",""AJUNTAMENT DE TARRAGONA"""
"Secció 1a civil de l'Audiència Provincial,,""Justícia"",""No"",""41.1200290233012"",""1.24252420889518"",""RB DEL PRESIDENT COMPANYS 8 CP: 43005"",,""Eixample"",""4314820002"",""AJUNTAMENT DE TARRAGONA"""
"Jutjat Instrucció núm.  4,,""Justícia"",""No"",""41.1200290233012"",""1.24252420889518"",""RB DEL PRESIDENT COMPANYS 8 CP: 43005"",,""Eixample"",""4314820002"",""AJUNTAMENT DE TARRAGONA"""
"Jutjat Penal núm. 5 (VIDO),,""Justícia"",""No"",""41.1200290233012"",""1.24252420889518"",""RB DEL PRESIDENT COMPANYS 8 CP: 43005"",,""Eixample"",""4314820002"",""AJUNTAMENT DE TARRAGONA"""
"Fiscalia jutjats penals,,""Justícia"",""No"",""41.1200290233012"",""1.24252420889518"",""RB DEL PRESIDENT COMPANYS 8 CP: 43005"",,""Eixample"",""4314820002"",""AJUNTAMENT DE TARRAGONA"""
"Secció 1a civil de l'Audiència Provincial,,""Justícia"",""No"",""41.1200290233012"",""1.24252420889518"",""RB DEL PRESIDENT COMPANYS 8 CP: 43005"",,""Eixample"",""4314820002"",""AJUNTAMENT DE TARRAGONA"""
"Jutjat Penal núm. 5 (VIDO),,""Justícia"",""No"",""41.1200290233012"",""1.24252420889518"",""RB DEL PRESIDENT COMPANYS 8 CP: 43005"",,""Eixample"",""4314820002"",""AJUNTAMENT DE TARRAGONA"""
"Jutjat de Violència sobre la Dona núm. 1,,""Justícia"",""No"",""41.1200290233012"",""1.24252420889518"",""RB DEL PRESIDENT COMPANYS 8 CP: 43005"",,""Eixample"",""4314820002"",""AJUNTAMENT DE TARRAGONA"""
"Secció 2a penal de l'Audiència Provincial,,""Justícia"",""No"",""41.1200290233012"",""1.24252420889518"",""RB DEL PRESIDENT COMPANYS 8 CP: 43005"",,""Eixample"",""4314820002"",""AJUNTAMENT DE TARRAGONA"""
"Atenció al Ciutadà,,""Justícia"",""No"",""41.1200290233012"",""1.24252420889518"",""RB DEL PRESIDENT COMPANYS 8 CP: 43005"",,""Eixample"",""4314820002"",""AJUNTAMENT DE TARRAGONA"""
"Presidència de l'Audiència Provincial,,""Justícia"",""No"",""41.1200290233012"",""1.24252420889518"",""RB DEL PRESIDENT COMPANYS 8 CP: 43005"",,""Eixample"",""4314820002"",""AJUNTAMENT DE TARRAGONA"""
"Jutjat Instrucció núm.  5,,""Justícia"",""No"",""41.1200290233012"",""1.24252420889518"",""RB DEL PRESIDENT COMPANYS 8 CP: 43005"",,""Eixample"",""4314820002"",""AJUNTAMENT DE TARRAGONA"""
"Secció 1a civil de l'Audiència Provincial,,""Justícia"",""No"",""41.1200290233012"",""1.24252420889518"",""RB DEL PRESIDENT COMPANYS 8 CP: 43005"",,""Eixample"",""4314820002"",""AJUNTAMENT DE TARRAGONA"""
"Jutjat Instrucció núm.  3,,""Justícia"",""No"",""41.1200290233012"",""1.24252420889518"",""RB DEL PRESIDENT COMPANYS 8 CP: 43005"",,""Eixample"",""4314820002"",""AJUNTAMENT DE TARRAGONA"""
"Secció 1a civil de l'Audiència Provincial,,""Justícia"",""No"",""41.1200290233012"",""1.24252420889518"",""RB DEL PRESIDENT COMPANYS 8 CP: 43005"",,""Eixample"",""4314820002"",""AJUNTAMENT DE TARRAGONA"""
"Secretaria de l'Audiència Provincial,,""Justícia"",""No"",""41.1200290233012"",""1.24252420889518"",""RB DEL PRESIDENT COMPANYS 8 CP: 43005"",,""Eixample"",""4314820002"",""AJUNTAMENT DE TARRAGONA"""
"Jutjat Instrucció núm.  2,,""Justícia"",""No"",""41.1200290233012"",""1.24252420889518"",""RB DEL PRESIDENT COMPANYS 8 CP: 43005"",,""Eixample"",""4314820002"",""AJUNTAMENT DE TARRAGONA"""
"Jutjat Instrucció núm. 6,,""Justícia"",""No"",""41.1200290233012"",""1.24252420889518"",""RB DEL PRESIDENT COMPANYS 8 CP: 43005"",,""Eixample"",""4314820002"",""AJUNTAMENT DE TARRAGONA"""
"Secretari Coordinador Prov.(TSJ Secretaria de Govern Tarrag),,""Justícia"",""No"",""41.1200290233012"",""1.24252420889518"",""RB DEL PRESIDENT COMPANYS 8 CP: 43005"",,""Eixample"",""4314820002"",""AJUNTAMENT DE TARRAGONA"""
"Secció 3a civil de l'Audiència Provincial,,""Justícia"",""No"",""41.1200290233012"",""1.24252420889518"",""RB DEL PRESIDENT COMPANYS 8 CP: 43005"",,""Eixample"",""4314820002"",""AJUNTAMENT DE TARRAGONA"""
"Jutjat Instrucció núm.  1,,""Justícia"",""No"",""41.1200290233012"",""1.24252420889518"",""RB DEL PRESIDENT COMPANYS 8 CP: 43005"",,""Eixample"",""4314820002"",""AJUNTAMENT DE TARRAGONA"""
"Jutjat de Guàrdia,,""Justícia"",""No"",""41.1200290233012"",""1.24252420889518"",""RB DEL PRESIDENT COMPANYS 8 CP: 43005"",,""Eixample"",""4314820002"",""AJUNTAMENT DE TARRAGONA"""
"Arxiu Històric de Tarragona,,""Cultura"",""No"",""41.1170445919999"",""1.25309951297284"",""RB VELLA 30 CP: 43003"",,""Centre"",""4314820002"",""AJUNTAMENT DE TARRAGONA"""
"Arxiu Històric de Tarragona. Biblioteca Auxiliar,,""Cultura"",""No"",""41.1170445919999"",""1.25309951297284"",""RB VELLA 30 CP: 43003"",,""CENTRE"",""4314820002"",""AJUNTAMENT DE TARRAGONA"""
"Delegació Provincial de l'INE a Tarragona. Biblioteca,,""Cultura"",""No"",""41.1160456992997"",""1.25629581466979"",""RB VELLA 7 CP: 43003"",,""CENTRE"",""4314820002"",""AJUNTAMENT DE TARRAGONA"""
"Centre Municipal de Serveis Socials de Sant Pere i Sant Pau                                         ,,""Social"",""No"",,,,,,""4314820002"",""AJUNTAMENT DE TARRAGONA"""
"Jutjat Penal núm. 4,,""Justícia"",""No"",""41.1206061694555"",""1.24584236370889"",""AV DEL MARQUES DE MONTOLIU 4 ESC: B PLNT: 04 PRT: 04 CP: 43002"",,""Eixample"",""4314820002"",""AJUNTAMENT DE TARRAGONA"""
"Jutjat Penal núm. 3,,""Justícia"",""No"",""41.1206061694555"",""1.24584236370889"",""AV DEL MARQUES DE MONTOLIU 4 ESC: B PLNT: 04 PRT: 04 CP: 43002"",,""Eixample"",""4314820002"",""AJUNTAMENT DE TARRAGONA"""
"Jutjat Penal núm. 2,,""Justícia"",""No"",""41.1206061694555"",""1.24584236370889"",""AV DEL MARQUES DE MONTOLIU 4 ESC: B PLNT: 04 PRT: 04 CP: 43002"",,""Eixample"",""4314820002"",""AJUNTAMENT DE TARRAGONA"""
"Jutjat Penal núm. 1,,""Justícia"",""No"",""41.1206061694555"",""1.24584236370889"",""AV DEL MARQUES DE MONTOLIU 4 ESC: B PLNT: 04 PRT: 04 CP: 43002"",,""Eixample"",""4314820002"",""AJUNTAMENT DE TARRAGONA"""
"LLI privada El Bosquet,,""Ensenyament i educació"",""No"",""41.1342936059502"",""1.29465028798017"",""CT DELS BOSCOS DE TARRAGONA 36 B ESC: 1 PLNT: -1 PRT: 01 CP: 43007"",,""Llevant"",""4314820002"",""AJUNTAMENT DE TARRAGONA"""
"Escola Sant Pere i Sant Pau,,""Ensenyament i educació"",""No"",,,,,,""4314820002"",""AJUNTAMENT DE TARRAGONA"""
"Escola La Floresta,,""Ensenyament i educació"",""No"",""41.1252490752574"",""1.21327283198047"",""AC A LA FLORESTA 2 CP: 43006"",,""Ponent"",""4314820002"",""AJUNTAMENT DE TARRAGONA"""
"LLI privada Baobad-rosa,,""Ensenyament i educació"",""No"",""41.1190931254956"",""1.26873727070864"",""CM DE LA CUIXA 19 CP: 43007"",,""Llevant"",""4314820002"",""AJUNTAMENT DE TARRAGONA"""
"Escola Saavedra,,""Ensenyament i educació"",""No"",""41.1179518031879"",""1.25334713387371"",""CR VIA DE L`IMPERI ROMA 1 CP: 43005"",,""Centre"",""4314820002"",""AJUNTAMENT DE TARRAGONA"""
"Fiscalia jutjats de Menors,,""Justícia"",""No"",""41.1204595065766"",""1.23971053584756"",""AV VIDAL I BARRAQUER 5 ESC: A PLNT: 00 PRT: 01 CP: 43005"",,""Eixample"",""4314820002"",""AJUNTAMENT DE TARRAGONA"""
"Jutjat Unipersonal de Menors,,""Justícia"",""No"",""41.1204595065766"",""1.23971053584756"",""AV VIDAL I BARRAQUER 5 ESC: A PLNT: 00 PRT: 01 CP: 43005"",,""Eixample"",""4314820002"",""AJUNTAMENT DE TARRAGONA"""
"Associació Veïns Port de Tarragona,,""Gent Gran Activa"",""No"",""41.1110543519028"",""1.24852819825613"",""CR REIAL 9 PLNT: 00 PRT: 01 CP: 43004"",,""Centre"",""4314820002"",""AJUNTAMENT DE TARRAGONA"""
"Espai de trobada,,""Social"",""No"",,,,,,""4314820002"",""AJUNTAMENT DE TARRAGONA"""
"Associació Pessebrista de Tarragona,,""Cultura"",""No"",""41.1146647030386"",""1.25541789946875"",""RB NOVA 25 CP: 43003"",,""Centre"",""4314820002"",""AJUNTAMENT DE TARRAGONA"""
"Associació Au Va Teatre,,""Cultura"",""No"",""41.1185058061808"",""1.23999575256638"",""AV DE ROMA 17 CP: 43005"",,""EIXAMPLE"",""4314820002"",""AJUNTAMENT DE TARRAGONA"""
"Agrupació Fotogràfica de Tarragona,,""Cultura"",""No"",""41.115111820635"",""1.25156001720022"",""CR DEL GOVERNADOR GONZALEZ 7 PLNT: 00 PRT: 01 CP: 43001"",,""CENTRE"",""4314820002"",""AJUNTAMENT DE TARRAGONA"""
"Capsa de Música (Associació de Músics de Tarragona),,""Cultura"",""No"",""41.1144381282152"",""1.2395558823157"",""PG DE LA INDEPENDENCIA 3 CP: 43005"",,""Eixample"",""4314820002"",""AJUNTAMENT DE TARRAGONA"""
"Gremi de Marejants (Societat Marítima i Protectora),,""Cultura"",""No"",""41.1098495384935"",""1.24071396094317"",""CR DE SANT PERE 45 PLNT: 00 PRT: 01 CP: 43004"",,""Centre"",""4314820002"",""AJUNTAMENT DE TARRAGONA"""
"Teatre Tarragona,,""Cultura"",""No"",""41.1144540509562"",""1.25587238481421"",""RB NOVA 11 PLNT: BAIX CP: 43003"",,""Centre"",""4314820002"",""AJUNTAMENT DE TARRAGONA"""
"Centre Cultural El Pallol,,""Cultura"",""No"",""41.1181869882889"",""1.25492233217083"",""PL DEL PALLOL 3 BLQ: 0000 CP: 43003"",,""Centre"",""4314820002"",""AJUNTAMENT DE TARRAGONA"""
"Antic Ajuntament de Tarragona,,""Cultura"",""No"",""41.118117945875"",""1.25748457117341"",""CR MAJOR 37 PLNT: 00 PRT: 01 CP: 43003"",,""Centre"",""4314820002"",""AJUNTAMENT DE TARRAGONA"""
"Teatre El Magatzem,,""Cultura"",""No"",""41.114677219354"",""1.25040373551021"",""CR DE FORTUNY 23 CP: 43001"",,""Centre"",""4314820002"",""AJUNTAMENT DE TARRAGONA"""
"Ateneu de Tarragona,,""Cultura"",""No"",""41.11290227178684"",""1.2503985588914457"",""CR DE SANT MAGI 2 CP: 43004"",,""CENTRE"",""4314820002"",""AJUNTAMENT DE TARRAGONA"""
"ASSIR Tarragona-Valls Jaume I,,""Sanitari"",""No"",""41.1125032189315"",""1.24383544492684"",""CR DE JAUME I 45 ESC: 1 PLNT: -1 PRT: 01 CP: 43005"",,""Eixample"",""4314820002"",""AJUNTAMENT DE TARRAGONA"""
"Servei d'Atenció Familiar-Tarragona,,""Social"",""No"",,,,,,""4314820002"",""AJUNTAMENT DE TARRAGONA"""
"Unitat integrada d'atenció a víctimes d'abusos sexuals (Barnahus),,""Social"",""No"",""41.102036549592"",""1.2029400624353"",""CM CANONGES 2 CP: 43006"",,""Ponent"",""4314820002"",""AJUNTAMENT DE TARRAGONA"""
"Aparcament Catalunya,,""Mobilitat"",""Sí"",""41.1200363777686"",""1.26143210237403"",""PG DE TORROJA 64 CP: 43007"",,""Llevant"",""4314820002"",""AJUNTAMENT DE TARRAGONA"""
"Aparcament Saavedra,,""Mobilitat"",""Sí"",""41.1188554033064"",""1.25354077996101"",""CR DE JOSEPA MASSANES 4 CP: 43002"",,""Centre"",""4314820002"",""AJUNTAMENT DE TARRAGONA"""
"Aparcament Bastos,,""Mobilitat"",""Sí"",""41.1148587004979"",""1.24149724491273"",""CR DE FRANCESC BASTOS 15 CP: 43005"",,""Eixample"",""4314820002"",""AJUNTAMENT DE TARRAGONA"""
"Aparcament Torroja,,""Mobilitat"",""Sí"",""41.1202062108786"",""1.26272465223763"",""PG DE TORROJA 24 CP: 43007"",,""LLEVANT"",""4314820002"",""AJUNTAMENT DE TARRAGONA"""
"Aparcament Imperial Tarraco,,""Mobilitat"",""Sí"",""41.1181805806475"",""1.24425492019917"",""PL DE LA IMPERIAL TARRACO 5 B CP: 43005"",,""EIXAMPLE"",""4314820002"",""AJUNTAMENT DE TARRAGONA"""
"Aparcament President Companys,,""Mobilitat"",""Sí"",,,,,,""4314820002"",""AJUNTAMENT DE TARRAGONA"""
"Aparcament Joan XXIII,,""Mobilitat"",""Sí"",""41.1236976881998"",""1.23979143165041"",""CR DOCTOR MALLAFRE GUASCH CP: 43005"",,""EIXAMPLE"",""4314820002"",""AJUNTAMENT DE TARRAGONA"""
"Arxiu Històric Municipal de Tarragona,""De dilluns a divendres, de 08:30 a 14:30h."",""Cultura"",""Sí"",""41.1144381282152"",""1.2395558823157"",""PG INDEPENDÈNCIA 3 CP: 43005"",,""CENTRE"",""4314820002"",""AJUNTAMENT DE TARRAGONA"""




 
